(查(核)定開徵數情形,108年(查(核)定開徵數情形,120840,＊統計範圍及對象：以轄區內本年度及以前年度查核定開徵表列各稅之本稅及罰鍰案件為統計基準範圍及對象。及對象。 ＊統計標準時間：以會計年度(即本年1月1日至當年12月底)之事實為準。,本表各欄位關係：;=;+;。,花蓮縣政府
010101地方稅務局使用牌照稅稽徵,010101花蓮縣地方稅務局108年10月使用牌照稅稽徵,129725,010101花蓮縣地方稅務局108年10月使用牌照稅稽徵,010101花蓮縣地方稅務局108年10月使用牌照稅稽徵,花蓮縣政府
010101地方稅務局使用牌照稅稽徵,010101花蓮縣地方稅務局108年11月使用牌照稅稽徵,129726,010101花蓮縣地方稅務局108年11月使用牌照稅稽徵,010101花蓮縣地方稅務局108年11月使用牌照稅稽徵,花蓮縣政府
010101地方稅務局使用牌照稅稽徵,010101花蓮縣地方稅務局108年12月使用牌照稅稽徵,129727,010101花蓮縣地方稅務局108年12月使用牌照稅稽徵,010101花蓮縣地方稅務局108年12月使用牌照稅稽徵,花蓮縣政府
010101地方稅務局使用牌照稅稽徵,010101花蓮縣地方稅務局109年01月使用牌照稅稽徵,129728,010101花蓮縣地方稅務局109年01月使用牌照稅稽徵,010101花蓮縣地方稅務局109年01月使用牌照稅稽徵,花蓮縣政府
010101地方稅務局使用牌照稅稽徵,010101花蓮縣地方稅務局109年02月使用牌照稅稽徵,129729,010101花蓮縣地方稅務局109年02月使用牌照稅稽徵,010101花蓮縣地方稅務局109年02月使用牌照稅稽徵,花蓮縣政府
010101地方稅務局使用牌照稅稽徵,010101花蓮縣地方稅務局109年03月使用牌照稅稽徵,129730,010101花蓮縣地方稅務局109年03月使用牌照稅稽徵,010101花蓮縣地方稅務局109年03月使用牌照稅稽徵,花蓮縣政府
010101地方稅務局使用牌照稅稽徵,010101花蓮縣地方稅務局109年04月使用牌照稅稽徵,129731,010101花蓮縣地方稅務局109年04月使用牌照稅稽徵,010101花蓮縣地方稅務局109年04月使用牌照稅稽徵,花蓮縣政府
010101地方稅務局使用牌照稅稽徵,010101花蓮縣地方稅務局109年05月使用牌照稅稽徵,129732,010101花蓮縣地方稅務局109年05月使用牌照稅稽徵,010101花蓮縣地方稅務局109年05月使用牌照稅稽徵,花蓮縣政府
010101地方稅務局使用牌照稅稽徵,010101花蓮縣地方稅務局109年07月使用牌照稅稽徵,129766,010101花蓮縣地方稅務局109年07月使用牌照稅稽徵,010101花蓮縣地方稅務局109年07月使用牌照稅稽徵,花蓮縣政府
010101地方稅務局使用牌照稅稽徵,010101花蓮縣地方稅務局109年06月使用牌照稅稽徵,130134,010101花蓮縣地方稅務局109年06月使用牌照稅稽徵,010101花蓮縣地方稅務局109年06月使用牌照稅稽徵,花蓮縣政府
010102地方稅務局使用牌照稅徵績-上期滯納期滿,010102花蓮縣地方稅務局109年度使用牌照稅徵績-上期滯納期滿,129734,010102花蓮縣地方稅務局109年度使用牌照稅徵績-上期滯納期滿,010102花蓮縣地方稅務局109年度使用牌照稅徵績-上期滯納期滿,花蓮縣政府
010102地方稅務局使用牌照稅徵績-上期結束,010102花蓮縣地方稅務局109年度使用牌照稅徵績-上期結束,129683,010102花蓮縣地方稅務局109年度使用牌照稅徵績-上期結束,010102花蓮縣地方稅務局109年度使用牌照稅徵績-上期結束,花蓮縣政府
010102地方稅務局使用牌照稅徵績-下期滯納期滿,010102花蓮縣地方稅務局108年度使用牌照稅徵績-下期滯納期滿,129737,010102花蓮縣地方稅務局108年度使用牌照稅徵績-下期滯納期滿,010102花蓮縣地方稅務局108年度使用牌照稅徵績-下期滯納期滿,花蓮縣政府
010102地方稅務局使用牌照稅徵績-下期結束,010102花蓮縣地方稅務局108年度使用牌照稅徵績-下期結束,129735,010102花蓮縣地方稅務局108年度使用牌照稅徵績-下期結束,010102花蓮縣地方稅務局108年度使用牌照稅徵績-下期結束,花蓮縣政府
2手輔具資源提供單位,二手輔具資源提供單位,110825,二手輔具資源提供單位,詳如資料集內容,社會處
7星潭風景區告示牌及救生圈現況,花蓮縣七星潭風景區告示牌及救生圈現況,41601,公共資訊: 係指各種財政統計報表、政策新聞、資訊服務、法律等相關資料集,項次<br>地點<br>設置救生圈1新城分局前直行約1公里右轉入灘路口2&quot;新城鐵馬19K+400處，石座椅旁秀林國中旁&quot;3&quot;新城海堤，下灘樓梯左邊突出海堤新城鄉博愛路底，門牌號為中山路46-18號秀林國中旁&quot;4新城海堤向南第一處斜坡5新城海堤向南第二處斜坡6草林安檢所7花草集民宿前8東潤安檢所9193縣道，２K+100七星媽宮廟10沙東露營區欄杆破口處11沙東露營區12林語亭13德燕漁場停車場■14德燕漁場停車場兩潭自行車道100M■15航道下廁所■16航道下廁所樓梯■17七星潭下灘處■18七星潭下灘處■19七星潭下灘處■20七星潭下灘處■21七星潭下灘處■22七星潭下灘處■23賞星廣場大排護欄■24賞星廣場大排護欄■25臨潭橋左側■26臨潭橋右側■27七星安檢所■28七星潭旅客服務中心後方■29船型廁所後方■30望海樓停車場■31望海樓停車場-拍岸亭■,花蓮縣消防局
AED安心場所,AED安心場所,110874,AED安心場所,詳如資料集內容,社會處
AED安心場所,AED安心場所,114862,108年度花蓮縣社福相關資料,花蓮縣AED安心場所名單,花蓮縣政府
iTaiwan WI-FI無線上網地圖,花蓮縣iTaiwan WI-FI無線上網地圖,110590,花蓮縣iTaiwan WI-FI無線上網地圖,詳如資料集內容,觀光處
一般護理機構名冊,花蓮縣一般護理機構名冊,110632,花蓮縣一般護理機構名冊,詳如資料集內容,花蓮縣衛生局
一般護理機構評鑑成績總覽,花蓮縣一般護理機構評鑑成績總覽,110630,花蓮縣一般護理機構評鑑成績總覽,詳如資料集內容,花蓮縣衛生局
中藥販賣商名冊,花蓮縣中藥販賣商名冊,110636,花蓮縣中藥販賣商名冊,詳如資料集內容,花蓮縣衛生局
乳房攝影檢查認證機構,花蓮縣乳房攝影檢查認證機構,110678,花蓮縣乳房攝影檢查認證機構,詳如資料集內容,花蓮縣衛生局
交通接送服務,交通接送服務,110755,交通接送服務,詳如資料集內容,社會處
使用牌照稅稅源,花蓮縣107年使用牌照稅稅源-1,110541,花蓮縣107年使用牌照稅稅源-1,詳如資料集內容,花蓮縣政府
使用牌照稅稅源,花蓮縣107年使用牌照稅稅源-2,110542,花蓮縣107年使用牌照稅稅源-2,詳如資料集內容,花蓮縣政府
使用牌照稅稅源,010103花蓮縣108年使用牌照稅稅源-1,129738,010103花蓮縣108年使用牌照稅稅源-1,010103花蓮縣108年使用牌照稅稅源-1,花蓮縣政府
使用牌照稅稅源,010103花蓮縣108年使用牌照稅稅源-2,129739,010103花蓮縣108年使用牌照稅稅源-2,010103花蓮縣108年使用牌照稅稅源-2,花蓮縣政府
依法應設置哺集乳室清冊,花蓮縣依法應設置哺集乳室清冊,110679,花蓮縣依法應設置哺集乳室清冊,詳如資料集內容,花蓮縣衛生局
促進民間參與公共建設案件一覽表,花蓮縣促進民間參與公共建設案件一覽表,110600,花蓮縣促進民間參與公共建設案件一覽表,詳如資料集內容,財政處
免費長者健康檢查醫療院所表,花蓮縣免費長者健康檢查醫療院所表,110676,花蓮縣免費長者健康檢查醫療院所表,詳如資料集內容,花蓮縣衛生局
兒童及少年安置教養機構,兒童及少年安置教養機構,111202,兒童及少年安置教養機構,詳如資料集內容,社會處
兒童及少年收出養媒合服務單位,兒童及少年收出養媒合服務單位,110797,兒童及少年收出養媒合服務單位,詳如資料集內容,社會處
兒童及少年福利服務中心,兒童及少年福利服務中心,110724,兒童及少年福利服務中心,詳如資料集內容,社會處
兒童預防保健醫事機構,花蓮縣兒童預防保健醫事機構,110680,花蓮縣兒童預防保健醫事機構,詳如資料集內容,花蓮縣衛生局
兒童預防接種時程,花蓮縣兒童預防接種時程,110645,花蓮縣兒童預防接種時程,詳如資料集內容,花蓮縣衛生局
全縣各鄉鎮人口統計表,花蓮縣全縣各鄉鎮人口統計表,110599,花蓮縣全縣各鄉鎮人口統計表,詳如資料集內容,民政處
公共哺集乳室,公共哺集乳室,110788,公共哺集乳室,詳如資料集內容,社會處
公共圖書館一覽表,花蓮縣公共圖書館一覽表,110616,花蓮縣公共圖書館一覽表,詳如資料集內容,花蓮縣政府
公共場所AED心臟電擊器設置資訊,花蓮縣公共場所AED心臟電擊器設置資訊,110637,花蓮縣公共場所AED心臟電擊器設置資訊,詳如資料集內容,花蓮縣衛生局
公共藝術設置一覽表,花蓮縣公共藝術設置一覽表,110617,花蓮縣公共藝術設置一覽表,詳如資料集內容,花蓮縣政府
公告土地現值及公告地價,花蓮縣109年公告土地現值及公告地價,129747,花蓮縣109年公告土地現值及公告地價,公告土地現值,花蓮縣政府
公告地價及公告土地現值,109年花蓮縣公告地價及公告土地現值,130141,109年花蓮縣公告地價及公告土地現值,公告土地現值,花蓮縣政府
公私協力及私立托嬰中心,公私協力及私立托嬰中心,110741,公私協力及私立托嬰中心,詳如資料集內容,社會處
公費流感合約院所名單,花蓮縣公費流感合約院所名單,110612,花蓮縣公費流感合約院所名單,詳如資料集內容,花蓮縣衛生局
公費流感抗病毒藥劑合約院所,花蓮縣公費流感抗病毒藥劑合約院所,110638,花蓮縣公費流感抗病毒藥劑合約院所,詳如資料集內容,花蓮縣衛生局
列冊中藥商,花蓮縣列冊中藥商,110675,花蓮縣列冊中藥商,詳如資料集內容,花蓮縣衛生局
卡介苗接種時間,花蓮縣卡介苗接種時間,110611,花蓮縣卡介苗接種時間,詳如資料集內容,花蓮縣衛生局
卡介苗接種服務單位,花蓮縣卡介苗接種服務單位,110642,花蓮縣卡介苗接種服務單位,詳如資料集內容,花蓮縣衛生局
印花稅徵收,花蓮縣108年第1季印花稅徵收--1,110575,花蓮縣108年第1季印花稅徵收--1,詳如資料集內容,花蓮縣政府
印花稅徵收,花蓮縣108年第1季印花稅徵收--2,110576,花蓮縣108年第1季印花稅徵收--2,詳如資料集內容,花蓮縣政府
印花稅徵收,花蓮縣108年第2季印花稅徵收--1,110577,花蓮縣108年第2季印花稅徵收--1,詳如資料集內容,花蓮縣政府
印花稅徵收,花蓮縣108年第2季印花稅徵收--2,110578,花蓮縣108年第2季印花稅徵收--2,詳如資料集內容,花蓮縣政府
印花稅徵收,010302-花蓮縣108年第1季印花稅徵收--1,129592,010302-花蓮縣108年第1季印花稅徵收--1,本季合計金額，本季合計%，本季累計金額，本季累計%,花蓮縣政府
印花稅徵收,010302-花蓮縣108年第1季印花稅徵收--2,129593,010302-花蓮縣108年第1季印花稅徵收--2,本季合計金額，本季合計%，本季累計金額，本季累計%,花蓮縣政府
印花稅徵收,010302-花蓮縣108年第2季印花稅徵收--1,129594,010302-花蓮縣108年第2季印花稅徵收--1,本季合計金額，本季合計%，本季累計金額，本季累計%,花蓮縣政府
印花稅徵收,010302-花蓮縣108年第3季印花稅徵收—1,129758,010302-花蓮縣108年第3季印花稅徵收—1,本季合計金額，本季合計%，本季累計金額，本季累計%,花蓮縣政府
印花稅徵收,010302-花蓮縣108年第3季印花稅徵收—2,129759,010302-花蓮縣108年第3季印花稅徵收—2,本季合計金額，本季合計%，本季累計金額，本季累計%,花蓮縣政府
印花稅徵收,010302-花蓮縣108年第4季印花稅徵收—1,129760,010302-花蓮縣108年第4季印花稅徵收—1,本季合計金額，本季合計%，本季累計金額，本季累計%,花蓮縣政府
印花稅徵收,010302-花蓮縣108年第4季印花稅徵收—2,129761,010302-花蓮縣108年第4季印花稅徵收—2,本季合計金額，本季合計%，本季累計金額，本季累計%,花蓮縣政府
印花稅徵收,010302-花蓮縣109年第1季印花稅徵收—2,129763,010302-花蓮縣109年第1季印花稅徵收—2,本季合計金額，本季合計%，本季累計金額，本季累計%,花蓮縣政府
印花稅徵收,010302-花蓮縣109年第2季印花稅徵收—1,129764,010302-花蓮縣109年第2季印花稅徵收—1,本季合計金額，本季合計%，本季累計金額，本季累計%,花蓮縣政府
印花稅徵收,010302-花蓮縣109年第2季印花稅徵收—2,129765,010302-花蓮縣109年第2季印花稅徵收—2,本季合計金額，本季合計%，本季累計金額，本季累計%,花蓮縣政府
印花稅徵收,010302-花蓮縣108年第2季印花稅徵收--2,130099,010302-花蓮縣108年第2季印花稅徵收--2,本季合計金額，本季合計%，本季累計金額，本季累計%,花蓮縣政府
印花稅徵收,010302-花蓮縣109年第1季印花稅徵收—1,130137,010302-花蓮縣109年第1季印花稅徵收—1,本季合計金額，本季合計%，本季累計金額，本季累計%,花蓮縣政府
原住民部落文化健康站,原住民部落文化健康站,110846,原住民部落文化健康站,詳如資料集內容,社會處
及所屬1、2級機關編制員額數,花蓮縣政府及所屬一、二級機關編制員額數,110431,花蓮縣政府及所屬一、二級機關編制員額數,詳如資料集內容,人事處
友善餐廳,友善餐廳,110766,友善餐廳,詳如資料集內容,社會處
口腔癌篩檢醫事機構,花蓮縣口腔癌篩檢醫事機構,110633,花蓮縣口腔癌篩檢醫事機構,詳如資料集內容,花蓮縣衛生局
可供申請醫療輔具補助表,花蓮縣可供申請醫療輔具補助表,110687,花蓮縣可供申請醫療輔具補助表,詳如資料集內容,花蓮縣衛生局
各年度公共債務數及每人負擔數,花蓮縣政府各年度公共債務數及每人負擔數,110626,花蓮縣政府各年度公共債務數及每人負擔數,詳如資料集內容,財政處
各年度公共債務數及每人負擔數,花蓮縣政府各年度公共債務數及每人負擔數,129555,花蓮縣政府各年度公共債務數及每人負擔數,各年度公共債務數及每人負擔數;1年以上非自償債務:億元;未滿1年債務:億元;債務合計:億元;平均每人債務負擔:萬元;自償性債務億元,花蓮縣政府
各級機關學校公教人員概況-性別與年齡別,花蓮縣政府各級機關學校公教人員概況－性別與年齡別,110432,花蓮縣政府各級機關學校公教人員概況－性別與年齡別,詳如資料集內容,人事處
各觀光遊憩區遊客人數統計(最新),花蓮縣各觀光遊憩區遊客人數統計(最新),110587,花蓮縣各觀光遊憩區遊客人數統計(最新),詳如資料集內容,觀光處
各鄉鎮市災害應變中心聯絡電話,花蓮縣各鄉鎮市災害應變中心聯絡電話,110596,花蓮縣各鄉鎮市災害應變中心聯絡電話,詳如資料集內容,花蓮縣政府
各項稅捐實徵淨額與預算數及上年同期比較,花蓮縣各項稅捐實徵淨額與預算數及上年同期比較-本月數,110438,花蓮縣各項稅捐實徵淨額與預算數及上年同期比較-本月數,詳如資料集內容,花蓮縣政府
各項稅捐實徵淨額與預算數及上年同期比較,108年1月花蓮縣各項稅捐實徵淨額與預算數及上年同期比較-本月數,110443,108年1月花蓮縣各項稅捐實徵淨額與預算數及上年同期比較-本月數,"稅目別,本月實徵數合計;元;,本月實徵數本年度;,本月實徵數以前年度;,本月退還以前年度歲入款;,本月實徵淨額 ;－;,本月分配預算數;,本月實徵淨額占預算數;,上年同月實徵淨額;,本月實徵淨額與上年同月比較增減;,總計,一;稅捐收入,1.地價稅,2.田賦,3.土地增值稅,4.房屋稅,5.使用牌照稅,6.契稅,7.印花稅,8.娛樂稅,9.特別及臨時稅課,;特別稅,營建剩餘土石方,土石採取,礦石開採,;臨時稅,營建剩餘土石方,土石採取 ,10.教",花蓮縣政府
各項稅捐實徵淨額與預算數及上年同期比較,108年1月花蓮縣各項稅捐實徵淨額與預算數及上年同期比較-累計數,110444,108年1月花蓮縣各項稅捐實徵淨額與預算數及上年同期比較-累計數,"稅目別,截至本月底止累計實徵數合計;元;,截至本月底止累計實徵數本年度;,截至本月底止累計實徵數以前年度;,截至本月底止累計退還以前年度歲入款;,截至本月底止累計實徵淨額;－;,全年度預算數;,累計實徵淨額與全年預算數比較;,同期分配預算數;,累計實徵淨額與同期分配預算數比較;,上年同期實徵淨額;,累計實徵淨額與上年同期比較增減;,總計,一;稅捐收入,1.地價稅,2.田賦,3.土地增值稅,4.房屋稅,5.使用牌照稅,6.契稅,7.印花稅,8.娛",花蓮縣政府
各項稅捐實徵淨額與預算數及上年同期比較,108年2月花蓮縣各項稅捐實徵淨額與預算數及上年同期比較-本月數,110446,108年2月花蓮縣各項稅捐實徵淨額與預算數及上年同期比較-本月數,"稅目別,本月實徵數合計;元;,本月實徵數本年度;,本月實徵數以前年度;,本月退還以前年度歲入款;,本月實徵淨額 ;－;,本月分配預算數;,本月實徵淨額占預算數;,上年同月實徵淨額;,本月實徵淨額與上年同月比較增減;,總計,一;稅捐收入,1.地價稅,2.田賦,3.土地增值稅,4.房屋稅,5.使用牌照稅,6.契稅,7.印花稅,8.娛樂稅,9.特別及臨時稅課,;特別稅,營建剩餘土石方,土石採取,礦石開採,;臨時稅,營建剩餘土石方,土石採取 ,10.教",花蓮縣政府
各項稅捐實徵淨額與預算數及上年同期比較,108年2月花蓮縣各項稅捐實徵淨額與預算數及上年同期比較-累計數,110447,108年2月花蓮縣各項稅捐實徵淨額與預算數及上年同期比較-累計數,"稅目別,截至本月底止累計實徵數合計;元;,截至本月底止累計實徵數本年度;,截至本月底止累計實徵數以前年度;,截至本月底止累計退還以前年度歲入款;,截至本月底止累計實徵淨額;－;,全年度預算數;,累計實徵淨額與全年預算數比較;,同期分配預算數;,累計實徵淨額與同期分配預算數比較;,上年同期實徵淨額;,累計實徵淨額與上年同期比較增減;,總計,一;稅捐收入,1.地價稅,2.田賦,3.土地增值稅,4.房屋稅,5.使用牌照稅,6.契稅,7.印花稅,8.娛",花蓮縣政府
各項稅捐實徵淨額與預算數及上年同期比較,108年3月花蓮縣各項稅捐實徵淨額與預算數及上年同期比較-本月數,110449,108年3月花蓮縣各項稅捐實徵淨額與預算數及上年同期比較-本月數,"稅目別,本月實徵數合計;元;,本月實徵數本年度;,本月實徵數以前年度;,本月退還以前年度歲入款;,本月實徵淨額 ;－;,本月分配預算數;,本月實徵淨額占預算數;,上年同月實徵淨額;,本月實徵淨額與上年同月比較增減;,總計,一;稅捐收入,1.地價稅,2.田賦,3.土地增值稅,4.房屋稅,5.使用牌照稅,6.契稅,7.印花稅,8.娛樂稅,9.特別及臨時稅課,;特別稅,營建剩餘土石方,土石採取,礦石開採,;臨時稅,營建剩餘土石方,土石採取 ,10.教",花蓮縣政府
各項稅捐實徵淨額與預算數及上年同期比較,108年3月花蓮縣各項稅捐實徵淨額與預算數及上年同期比較-累計數,110450,108年3月花蓮縣各項稅捐實徵淨額與預算數及上年同期比較-累計數,"稅目別,截至本月底止累計實徵數合計;元;,截至本月底止累計實徵數本年度;,截至本月底止累計實徵數以前年度;,截至本月底止累計退還以前年度歲入款;,截至本月底止累計實徵淨額;－;,全年度預算數;,累計實徵淨額與全年預算數比較;,同期分配預算數;,累計實徵淨額與同期分配預算數比較;,上年同期實徵淨額;,累計實徵淨額與上年同期比較增減;,總計,一;稅捐收入,1.地價稅,2.田賦,3.土地增值稅,4.房屋稅,5.使用牌照稅,6.契稅,7.印花稅,8.娛",花蓮縣政府
各項稅捐實徵淨額與預算數及上年同期比較,108年4月花蓮縣各項稅捐實徵淨額與預算數及上年同期比較-本月數,110452,108年4月花蓮縣各項稅捐實徵淨額與預算數及上年同期比較-本月數,"稅目別,本月實徵數合計;元;,本月實徵數本年度;,本月實徵數以前年度;,本月退還以前年度歲入款;,本月實徵淨額 ;－;,本月分配預算數;,本月實徵淨額占預算數;,上年同月實徵淨額;,本月實徵淨額與上年同月比較增減;,總計,一;稅捐收入,1.地價稅,2.田賦,3.土地增值稅,4.房屋稅,5.使用牌照稅,6.契稅,7.印花稅,8.娛樂稅,9.特別及臨時稅課,;特別稅,營建剩餘土石方,土石採取,礦石開採,;臨時稅,營建剩餘土石方,土石採取 ,10.教",花蓮縣政府
各項稅捐實徵淨額與預算數及上年同期比較,108年4月花蓮縣各項稅捐實徵淨額與預算數及上年同期比較-累計數,110453,108年4月花蓮縣各項稅捐實徵淨額與預算數及上年同期比較-累計數,"稅目別,截至本月底止累計實徵數合計;元;,截至本月底止累計實徵數本年度;,截至本月底止累計實徵數以前年度;,截至本月底止累計退還以前年度歲入款;,截至本月底止累計實徵淨額;－;,全年度預算數;,累計實徵淨額與全年預算數比較;,同期分配預算數;,累計實徵淨額與同期分配預算數比較;,上年同期實徵淨額;,累計實徵淨額與上年同期比較增減;,總計,一;稅捐收入,1.地價稅,2.田賦,3.土地增值稅,4.房屋稅,5.使用牌照稅,6.契稅,7.印花稅,8.娛",花蓮縣政府
各項稅捐實徵淨額與預算數及上年同期比較,108年5月花蓮縣各項稅捐實徵淨額與預算數及上年同期比較-本月數,110455,108年5月花蓮縣各項稅捐實徵淨額與預算數及上年同期比較-本月數,"稅目別,本月實徵數合計;元;,本月實徵數本年度;,本月實徵數以前年度;,本月退還以前年度歲入款;,本月實徵淨額 ;－;,本月分配預算數;,本月實徵淨額占預算數;,上年同月實徵淨額;,本月實徵淨額與上年同月比較增減;,總計,一;稅捐收入,1.地價稅,2.田賦,3.土地增值稅,4.房屋稅,5.使用牌照稅,6.契稅,7.印花稅,8.娛樂稅,9.特別及臨時稅課,;特別稅,營建剩餘土石方,土石採取,礦石開採,;臨時稅,營建剩餘土石方,土石採取 ,10.教",花蓮縣政府
各項稅捐實徵淨額與預算數及上年同期比較,108年5月花蓮縣各項稅捐實徵淨額與預算數及上年同期比較-累計數,110456,108年5月花蓮縣各項稅捐實徵淨額與預算數及上年同期比較-累計數,"稅目別,截至本月底止累計實徵數合計;元;,截至本月底止累計實徵數本年度;,截至本月底止累計實徵數以前年度;,截至本月底止累計退還以前年度歲入款;,截至本月底止累計實徵淨額;－;,全年度預算數;,累計實徵淨額與全年預算數比較;,同期分配預算數;,累計實徵淨額與同期分配預算數比較;,上年同期實徵淨額;,累計實徵淨額與上年同期比較增減;,總計,一;稅捐收入,1.地價稅,2.田賦,3.土地增值稅,4.房屋稅,5.使用牌照稅,6.契稅,7.印花稅,8.娛",花蓮縣政府
各項稅捐實徵淨額與預算數及上年同期比較,108年6月花蓮縣各項稅捐實徵淨額與預算數及上年同期比較-本月數,110458,108年6月花蓮縣各項稅捐實徵淨額與預算數及上年同期比較-本月數,"稅目別,本月實徵數合計;元;,本月實徵數本年度;,本月實徵數以前年度;,本月退還以前年度歲入款;,本月實徵淨額 ;－;,本月分配預算數;,本月實徵淨額占預算數;,上年同月實徵淨額;,本月實徵淨額與上年同月比較增減;,總計,一;稅捐收入,1.地價稅,2.田賦,3.土地增值稅,4.房屋稅,5.使用牌照稅,6.契稅,7.印花稅,8.娛樂稅,9.特別及臨時稅課,;特別稅,營建剩餘土石方,土石採取,礦石開採,;臨時稅,營建剩餘土石方,土石採取 ,10.教",花蓮縣政府
各項稅捐實徵淨額與預算數及上年同期比較,108年6月花蓮縣各項稅捐實徵淨額與預算數及上年同期比較-累計數,110459,108年6月花蓮縣各項稅捐實徵淨額與預算數及上年同期比較-累計數,"稅目別,截至本月底止累計實徵數合計;元;,截至本月底止累計實徵數本年度;,截至本月底止累計實徵數以前年度;,截至本月底止累計退還以前年度歲入款;,截至本月底止累計實徵淨額;－;,全年度預算數;,累計實徵淨額與全年預算數比較;,同期分配預算數;,累計實徵淨額與同期分配預算數比較;,上年同期實徵淨額;,累計實徵淨額與上年同期比較增減;,總計,一;稅捐收入,1.地價稅,2.田賦,3.土地增值稅,4.房屋稅,5.使用牌照稅,6.契稅,7.印花稅,8.娛",花蓮縣政府
各項稅捐實徵淨額與預算數及上年同期比較,108年7月花蓮縣各項稅捐實徵淨額與預算數及上年同期比較-本月數,110461,108年7月花蓮縣各項稅捐實徵淨額與預算數及上年同期比較-本月數,"稅目別,本月實徵數合計;元;,本月實徵數本年度;,本月實徵數以前年度;,本月退還以前年度歲入款;,本月實徵淨額 ;－;,本月分配預算數;,本月實徵淨額占預算數;,上年同月實徵淨額;,本月實徵淨額與上年同月比較增減;,總計,一;稅捐收入,1.地價稅,2.田賦,3.土地增值稅,4.房屋稅,5.使用牌照稅,6.契稅,7.印花稅,8.娛樂稅,9.特別及臨時稅課,;特別稅,營建剩餘土石方,土石採取,礦石開採,;臨時稅,營建剩餘土石方,土石採取 ,10.教",花蓮縣政府
各項稅捐實徵淨額與預算數及上年同期比較,108年7月花蓮縣各項稅捐實徵淨額與預算數及上年同期比較-累計數,110462,108年7月花蓮縣各項稅捐實徵淨額與預算數及上年同期比較-累計數,"稅目別,截至本月底止累計實徵數合計;元;,截至本月底止累計實徵數本年度;,截至本月底止累計實徵數以前年度;,截至本月底止累計退還以前年度歲入款;,截至本月底止累計實徵淨額;－;,全年度預算數;,累計實徵淨額與全年預算數比較;,同期分配預算數;,累計實徵淨額與同期分配預算數比較;,上年同期實徵淨額;,累計實徵淨額與上年同期比較增減;,總計,一;稅捐收入,1.地價稅,2.田賦,3.土地增值稅,4.房屋稅,5.使用牌照稅,6.契稅,7.印花稅,8.娛",花蓮縣政府
各項稅捐實徵淨額與預算數及上年同期比較,108年8月花蓮縣各項稅捐實徵淨額與預算數及上年同期比較-本月數,110464,108年8月花蓮縣各項稅捐實徵淨額與預算數及上年同期比較-本月數,"稅目別,本月實徵數合計;元;,本月實徵數本年度;,本月實徵數以前年度;,本月退還以前年度歲入款;,本月實徵淨額 ;－;,本月分配預算數;,本月實徵淨額占預算數;,上年同月實徵淨額;,本月實徵淨額與上年同月比較增減;,總計,一;稅捐收入,1.地價稅,2.田賦,3.土地增值稅,4.房屋稅,5.使用牌照稅,6.契稅,7.印花稅,8.娛樂稅,9.特別及臨時稅課,;特別稅,營建剩餘土石方,土石採取,礦石開採,;臨時稅,營建剩餘土石方,土石採取 ,10.教",花蓮縣政府
各項稅捐實徵淨額與預算數及上年同期比較,108年8月花蓮縣各項稅捐實徵淨額與預算數及上年同期比較-累計數,110465,108年8月花蓮縣各項稅捐實徵淨額與預算數及上年同期比較-累計數,"稅目別,截至本月底止累計實徵數合計;元;,截至本月底止累計實徵數本年度;,截至本月底止累計實徵數以前年度;,截至本月底止累計退還以前年度歲入款;,截至本月底止累計實徵淨額;－;,全年度預算數;,累計實徵淨額與全年預算數比較;,同期分配預算數;,累計實徵淨額與同期分配預算數比較;,上年同期實徵淨額;,累計實徵淨額與上年同期比較增減;,總計,一;稅捐收入,1.地價稅,2.田賦,3.土地增值稅,4.房屋稅,5.使用牌照稅,6.契稅,7.印花稅,8.娛",花蓮縣政府
各項稅捐實徵淨額與預算數及上年同期比較,108年9月花蓮縣各項稅捐實徵淨額與預算數及上年同期比較-累計數,110468,108年9月花蓮縣各項稅捐實徵淨額與預算數及上年同期比較-累計數,"稅目別,截至本月底止累計實徵數合計;元;,截至本月底止累計實徵數本年度;,截至本月底止累計實徵數以前年度;,截至本月底止累計退還以前年度歲入款;,截至本月底止累計實徵淨額;－;,全年度預算數;,累計實徵淨額與全年預算數比較;,同期分配預算數;,累計實徵淨額與同期分配預算數比較;,上年同期實徵淨額;,累計實徵淨額與上年同期比較增減;,總計,一;稅捐收入,1.地價稅,2.田賦,3.土地增值稅,4.房屋稅,5.使用牌照稅,6.契稅,7.印花稅,8.娛",花蓮縣政府
各項稅捐實徵淨額與預算數及上年同期比較,108年9月花蓮縣各項稅捐實徵淨額與預算數及上年同期比較-本月數,110469,108年9月花蓮縣各項稅捐實徵淨額與預算數及上年同期比較-本月數,"稅目別,本月實徵數合計;元;,本月實徵數本年度;,本月實徵數以前年度;,本月退還以前年度歲入款;,本月實徵淨額 ;－;,本月分配預算數;,本月實徵淨額占預算數;,上年同月實徵淨額;,本月實徵淨額與上年同月比較增減;,總計,一;稅捐收入,1.地價稅,2.田賦,3.土地增值稅,4.房屋稅,5.使用牌照稅,6.契稅,7.印花稅,8.娛樂稅,9.特別及臨時稅課,;特別稅,營建剩餘土石方,土石採取,礦石開採,;臨時稅,營建剩餘土石方,土石採取 ,10.教",花蓮縣政府
各項稅捐實徵淨額與預算數及上年同期比較,108年10月花蓮縣各項稅捐實徵淨額與預算數及上年同期比較-累計數,110897,108年10月花蓮縣各項稅捐實徵淨額與預算數及上年同期比較-累計數,稅目別，截至本月底止累計實徵數，截至本月底止累計退還以前年度歲入款，截至本月底止累計實徵淨額，累計實徵淨額與全年預算數比較累計實徵淨額與同期分配預算數比較，累計實徵淨額與上年同期比較，合計，本年度，以前年度，全年度預算數，％，同期分配預算數，％，上年同期實徵淨額，增減%，總計，稅捐收入，地價稅，田賦，土地增值稅，房屋稅，使用牌照稅，契稅，印花稅，娛樂稅，特別及臨時稅課，特別稅，營建剩餘土石方，土石採取，礦石開採，臨時稅，營建剩餘土石方，土石採取，教育捐，房屋稅附徵，娛樂稅附徵，契稅附徵，罰鍰，財務罰鍰，罰,花蓮縣政府
各項稅捐實徵淨額與預算數及上年同期比較,108年10月花蓮縣各項稅捐實徵淨額與預算數及上年同期比較-本月數,110904,108年10月花蓮縣各項稅捐實徵淨額與預算數及上年同期比較-本月數,"稅目別,本月實徵數合計;元;,本月實徵數本年度;,本月實徵數以前年度;,本月退還以前年度歲入款;,本月實徵淨額 ;－;,本月分配預算數;,本月實徵淨額占預算數;,上年同月實徵淨額;,本月實徵淨額與上年同月比較增減;,總計,一;稅捐收入,1.地價稅,2.田賦,3.土地增值稅,4.房屋稅,5.使用牌照稅,6.契稅,7.印花稅,8.娛樂稅,9.特別及臨時稅課,;特別稅,營建剩餘土石方,土石採取,礦石開採,;臨時稅,營建剩餘土石方,土石採取 ,10.教",花蓮縣政府
各項稅捐實徵淨額與預算數及上年同期比較,108年11月花蓮縣各項稅捐實徵淨額與預算數及上年同期比較-本月數,114869,108年11月花蓮縣各項稅捐實徵淨額與預算數及上年同期比較-本月數,"稅目別,本月實徵數合計;元;,本月實徵數本年度;,本月實徵數以前年度;,本月退還以前年度歲入款;,本月實徵淨額 ;－;,本月分配預算數;,本月實徵淨額占預算數;,上年同月實徵淨額;,本月實徵淨額與上年同月比較增減;,總計,一;稅捐收入,1.地價稅,2.田賦,3.土地增值稅,4.房屋稅,5.使用牌照稅,6.契稅,7.印花稅,8.娛樂稅,9.特別及臨時稅課,;特別稅,營建剩餘土石方,土石採取,礦石開採,;臨時稅,營建剩餘土石方,土石採取 ,10.教",花蓮縣政府
各項稅捐實徵淨額與預算數及上年同期比較,108年11月花蓮縣各項稅捐實徵淨額與預算數及上年同期比較-累計數,114870,108年11月花蓮縣各項稅捐實徵淨額與預算數及上年同期比較-累計數,"稅目別,截至本月底止累計實徵數合計;元;,截至本月底止累計實徵數本年度;,截至本月底止累計實徵數以前年度;,截至本月底止累計退還以前年度歲入款;,截至本月底止累計實徵淨額;－;,全年度預算數;,累計實徵淨額與全年預算數比較;,同期分配預算數;,累計實徵淨額與同期分配預算數比較;,上年同期實徵淨額;,累計實徵淨額與上年同期比較增減;,總計,一;稅捐收入,1.地價稅,2.田賦,3.土地增值稅,4.房屋稅,5.使用牌照稅,6.契稅,7.印花稅,8.娛",花蓮縣政府
各項稅捐實徵淨額與預算數及上年同期比較,108年12月花蓮縣各項稅捐實徵淨額與預算數及上年同期比較-本月數,114874,108年12月花蓮縣各項稅捐實徵淨額與預算數及上年同期比較-本月數,"稅目別,本月實徵數合計;元;,本月實徵數本年度;,本月實徵數以前年度;,本月退還以前年度歲入款;,本月實徵淨額 ;－;,本月分配預算數;,本月實徵淨額占預算數;,上年同月實徵淨額;,本月實徵淨額與上年同月比較增減;,總計,一;稅捐收入,1.地價稅,2.田賦,3.土地增值稅,4.房屋稅,5.使用牌照稅,6.契稅,7.印花稅,8.娛樂稅,9.特別及臨時稅課,;特別稅,營建剩餘土石方,土石採取,礦石開採,;臨時稅,營建剩餘土石方,土石採取 ,10.教",花蓮縣政府
各項稅捐實徵淨額與預算數及上年同期比較,108年12月花蓮縣各項稅捐實徵淨額與預算數及上年同期比較-累計數,114875,108年12月花蓮縣各項稅捐實徵淨額與預算數及上年同期比較-累計數,"稅目別,截至本月底止累計實徵數合計;元;,截至本月底止累計實徵數本年度;,截至本月底止累計實徵數以前年度;,截至本月底止累計退還以前年度歲入款;,截至本月底止累計實徵淨額;－;,全年度預算數;,累計實徵淨額與全年預算數比較;,同期分配預算數;,累計實徵淨額與同期分配預算數比較;,上年同期實徵淨額;,累計實徵淨額與上年同期比較增減;,總計,一;稅捐收入,1.地價稅,2.田賦,3.土地增值稅,4.房屋稅,5.使用牌照稅,6.契稅,7.印花稅,8.娛",花蓮縣政府
各項稅捐實徵淨額與預算數及上年同期比較,花蓮縣各項稅捐實徵淨額與預算數及上年同期比較-累計數,116005,花蓮縣各項稅捐實徵淨額與預算數及上年同期比較-累計數,"稅目別,截至本月底止累計實徵數合計;元;,截至本月底止累計實徵數本年度;,截至本月底止累計實徵數以前年度;,截至本月底止累計退還以前年度歲入款;,截至本月底止累計實徵淨額;－;,全年度預算數;,累計實徵淨額與全年預算數比較;,同期分配預算數;,累計實徵淨額與同期分配預算數比較;,上年同期實徵淨額;,累計實徵淨額與上年同期比較增減;,總計,一;稅捐收入,1.地價稅,2.田賦,3.土地增值稅,4.房屋稅,5.使用牌照稅,6.契稅,7.印花稅,8.娛",花蓮縣政府
各項稅捐實徵淨額與預算數及上年同期比較,109年1月花蓮縣各項稅捐實徵淨額與預算數及上年同期比較-累計數,120845,109年1月花蓮縣各項稅捐實徵淨額與預算數及上年同期比較-累計數,"稅目別,截至本月底止累計實徵數合計;元;,截至本月底止累計實徵數本年度;,截至本月底止累計實徵數以前年度;,截至本月底止累計退還以前年度歲入款;,截至本月底止累計實徵淨額;－;,全年度預算數;,累計實徵淨額與全年預算數比較;,同期分配預算數;,累計實徵淨額與同期分配預算數比較;,上年同期實徵淨額;,累計實徵淨額與上年同期比較增減;,總計,一;稅捐收入,1.地價稅,2.田賦,3.土地增值稅,4.房屋稅,5.使用牌照稅,6.契稅,7.印花稅,8.娛",花蓮縣政府
各項稅捐實徵淨額與預算數及上年同期比較,109年1月花蓮縣各項稅捐實徵淨額與預算數及上年同期比較-本月數,120846,109年1月花蓮縣各項稅捐實徵淨額與預算數及上年同期比較-本月數,"稅目別,本月實徵數合計;元;,本月實徵數本年度;,本月實徵數以前年度;,本月退還以前年度歲入款;,本月實徵淨額 ;－;,本月分配預算數;,本月實徵淨額占預算數;,上年同月實徵淨額;,本月實徵淨額與上年同月比較增減;,總計,一;稅捐收入,1.地價稅,2.田賦,3.土地增值稅,4.房屋稅,5.使用牌照稅,6.契稅,7.印花稅,8.娛樂稅,9.特別及臨時稅課,;特別稅,營建剩餘土石方,土石採取,礦石開採,;臨時稅,營建剩餘土石方,土石採取 ,10.教",花蓮縣政府
各項稅捐實徵淨額與預算數及上年同期比較,109年2月花蓮縣各項稅捐實徵淨額與預算數及上年同期比較-累計數,120853,109年2月花蓮縣各項稅捐實徵淨額與預算數及上年同期比較-累計數,"稅目別,截至本月底止累計實徵數合計;元;,截至本月底止累計實徵數本年度;,截至本月底止累計實徵數以前年度;,截至本月底止累計退還以前年度歲入款;,截至本月底止累計實徵淨額;－;,全年度預算數;,累計實徵淨額與全年預算數比較;,同期分配預算數;,累計實徵淨額與同期分配預算數比較;,上年同期實徵淨額;,累計實徵淨額與上年同期比較增減;,總計,一;稅捐收入,1.地價稅,2.田賦,3.土地增值稅,4.房屋稅,5.使用牌照稅,6.契稅,7.印花稅,8.娛",花蓮縣政府
各項稅捐實徵淨額與預算數及上年同期比較,109年2月花蓮縣各項稅捐實徵淨額與預算數及上年同期比較-本月數,120854,109年2月花蓮縣各項稅捐實徵淨額與預算數及上年同期比較-本月數,"稅目別,本月實徵數合計;元;,本月實徵數本年度;,本月實徵數以前年度;,本月退還以前年度歲入款;,本月實徵淨額 ;－;,本月分配預算數;,本月實徵淨額占預算數;,上年同月實徵淨額;,本月實徵淨額與上年同月比較增減;,總計,一;稅捐收入,1.地價稅,2.田賦,3.土地增值稅,4.房屋稅,5.使用牌照稅,6.契稅,7.印花稅,8.娛樂稅,9.特別及臨時稅課,;特別稅,營建剩餘土石方,土石採取,礦石開採,;臨時稅,營建剩餘土石方,土石採取 ,10.教",花蓮縣政府
各項稅捐實徵淨額與預算數及上年同期比較,109年3月花蓮縣各項稅捐實徵淨額與預算數及上年同期比較-累計數,120859,109年3月花蓮縣各項稅捐實徵淨額與預算數及上年同期比較-累計數,"稅目別,截至本月底止累計實徵數合計;元;,截至本月底止累計實徵數本年度;,截至本月底止累計實徵數以前年度;,截至本月底止累計退還以前年度歲入款;,截至本月底止累計實徵淨額;－;,全年度預算數;,累計實徵淨額與全年預算數比較;,同期分配預算數;,累計實徵淨額與同期分配預算數比較;,上年同期實徵淨額;,累計實徵淨額與上年同期比較增減;,總計,一;稅捐收入,1.地價稅,2.田賦,3.土地增值稅,4.房屋稅,5.使用牌照稅,6.契稅,7.印花稅,8.娛",花蓮縣政府
各項稅捐實徵淨額與預算數及上年同期比較,109年3月花蓮縣各項稅捐實徵淨額與預算數及上年同期比較-本月數,120860,109年3月花蓮縣各項稅捐實徵淨額與預算數及上年同期比較-本月數,"稅目別,本月實徵數合計;元;,本月實徵數本年度;,本月實徵數以前年度;,本月退還以前年度歲入款;,本月實徵淨額 ;－;,本月分配預算數;,本月實徵淨額占預算數;,上年同月實徵淨額;,本月實徵淨額與上年同月比較增減;,總計,一;稅捐收入,1.地價稅,2.田賦,3.土地增值稅,4.房屋稅,5.使用牌照稅,6.契稅,7.印花稅,8.娛樂稅,9.特別及臨時稅課,;特別稅,營建剩餘土石方,土石採取,礦石開採,;臨時稅,營建剩餘土石方,土石採取 ,10.教",花蓮縣政府
各項稅捐實徵淨額與預算數及上年同期比較,109年4月花蓮縣各項稅捐實徵淨額與預算數及上年同期比較-累計數,129622,109年4月花蓮縣各項稅捐實徵淨額與預算數及上年同期比較-累計數,"稅目別,截至本月底止累計實徵數合計;元;,截至本月底止累計實徵數本年度;,截至本月底止累計實徵數以前年度;,截至本月底止累計退還以前年度歲入款;,截至本月底止累計實徵淨額;－;,全年度預算數;,累計實徵淨額與全年預算數比較;,同期分配預算數;,累計實徵淨額與同期分配預算數比較;,上年同期實徵淨額;,累計實徵淨額與上年同期比較增減;,總計,一;稅捐收入,1.地價稅,2.田賦,3.土地增值稅,4.房屋稅,5.使用牌照稅,6.契稅,7.印花稅,8.娛",花蓮縣政府
各項稅捐實徵淨額與預算數及上年同期比較,109年4月花蓮縣各項稅捐實徵淨額與預算數及上年同期比較-本月數,129623,109年4月花蓮縣各項稅捐實徵淨額與預算數及上年同期比較-本月數,"稅目別,本月實徵數合計;元;,本月實徵數本年度;,本月實徵數以前年度;,本月退還以前年度歲入款;,本月實徵淨額 ;－;,本月分配預算數;,本月實徵淨額占預算數;,上年同月實徵淨額;,本月實徵淨額與上年同月比較增減;,總計,一;稅捐收入,1.地價稅,2.田賦,3.土地增值稅,4.房屋稅,5.使用牌照稅,6.契稅,7.印花稅,8.娛樂稅,9.特別及臨時稅課,;特別稅,營建剩餘土石方,土石採取,礦石開採,;臨時稅,營建剩餘土石方,土石採取 ,10.教",花蓮縣政府
各項稅捐實徵淨額與預算數及上年同期比較,109年6月花蓮縣各項稅捐實徵淨額與預算數及上年同期比較-累計數,129630,109年6月花蓮縣各項稅捐實徵淨額與預算數及上年同期比較-累計數,"稅目別,截至本月底止累計實徵數合計;元;,截至本月底止累計實徵數本年度;,截至本月底止累計實徵數以前年度;,截至本月底止累計退還以前年度歲入款;,截至本月底止累計實徵淨額;－;,全年度預算數;,累計實徵淨額與全年預算數比較;,同期分配預算數;,累計實徵淨額與同期分配預算數比較;,上年同期實徵淨額;,累計實徵淨額與上年同期比較增減;,總計,一;稅捐收入,1.地價稅,2.田賦,3.土地增值稅,4.房屋稅,5.使用牌照稅,6.契稅,7.印花稅,8.娛",花蓮縣政府
各項稅捐實徵淨額與預算數及上年同期比較,109年6月花蓮縣各項稅捐實徵淨額與預算數及上年同期比較-本月數,129631,109年6月花蓮縣各項稅捐實徵淨額與預算數及上年同期比較-本月數,"稅目別,本月實徵數合計;元;,本月實徵數本年度;,本月實徵數以前年度;,本月退還以前年度歲入款;,本月實徵淨額 ;－;,本月分配預算數;,本月實徵淨額占預算數;,上年同月實徵淨額;,本月實徵淨額與上年同月比較增減;,總計,一;稅捐收入,1.地價稅,2.田賦,3.土地增值稅,4.房屋稅,5.使用牌照稅,6.契稅,7.印花稅,8.娛樂稅,9.特別及臨時稅課,;特別稅,營建剩餘土石方,土石採取,礦石開採,;臨時稅,營建剩餘土石方,土石採取 ,10.教",花蓮縣政府
各項稅捐實徵淨額與預算數及上年同期比較,107年12月花蓮縣各項稅捐實徵淨額與預算數及上年同期比較-本月數,129641,107年12月花蓮縣各項稅捐實徵淨額與預算數及上年同期比較-本月數,"稅目別,本月實徵數合計;元;,本月實徵數本年度;,本月實徵數以前年度;,本月退還以前年度歲入款;,本月實徵淨額 ;－;,本月分配預算數;,本月實徵淨額占預算數;,上年同月實徵淨額;,本月實徵淨額與上年同月比較增減;,總計,一;稅捐收入,1.地價稅,2.田賦,3.土地增值稅,4.房屋稅,5.使用牌照稅,6.契稅,7.印花稅,8.娛樂稅,9.特別及臨時稅課,;特別稅,營建剩餘土石方,土石採取,礦石開採,;臨時稅,營建剩餘土石方,土石採取 ,10.教",花蓮縣政府
各項稅捐實徵淨額與預算數及上年同期比較,109年7月花蓮縣各項稅捐實徵淨額與預算數及上年同期比較-本月數,129744,109年7月花蓮縣各項稅捐實徵淨額與預算數及上年同期比較-本月數,"稅目別,本月實徵數合計;元;,本月實徵數本年度;,本月實徵數以前年度;,本月退還以前年度歲入款;,本月實徵淨額 ;－;,本月分配預算數;,本月實徵淨額占預算數;,上年同月實徵淨額;,本月實徵淨額與上年同月比較增減;,總計,一;稅捐收入,1.地價稅,2.田賦,3.土地增值稅,4.房屋稅,5.使用牌照稅,6.契稅,7.印花稅,8.娛樂稅,9.特別及臨時稅課,;特別稅,營建剩餘土石方,土石採取,礦石開採,;臨時稅,營建剩餘土石方,土石採取 ,10.教",花蓮縣政府
各項稅捐實徵淨額與預算數及上年同期比較,109年7月花蓮縣各項稅捐實徵淨額與預算數及上年同期比較-累計數,129753,109年7月花蓮縣各項稅捐實徵淨額與預算數及上年同期比較-累計數,"稅目別,累計實徵數合計;元;,累計實徵數本年度;,累計實徵數以前年度;,累計退還以前年度歲入款;,累計實徵淨額;=;－;,全年度預算數;,累計實徵淨額占全年預算數百分比;,同期分配預算數;,累計實徵淨額占同期分配預算數百分比;,上年同期實徵淨額;,累計實徵淨額與上年同期比較增減;,總計,一;稅捐收入,1.地價稅,2.田賦,3.土地增值稅,4.房屋稅,5.使用牌照稅,6.契稅,7.印花稅,8.娛樂稅,9.特別及臨時稅課,;特別稅,營建剩餘",花蓮縣政府
各項稅捐實徵淨額與預算數及上年同期比較,107年12月花蓮縣各項稅捐實徵淨額與預算數及上年同期比較-累計數,130130,107年12月花蓮縣各項稅捐實徵淨額與預算數及上年同期比較-累計數,"稅目別,截至本月底止累計實徵數合計;元;,截至本月底止累計實徵數本年度;,截至本月底止累計實徵數以前年度;,截至本月底止累計退還以前年度歲入款;,截至本月底止累計實徵淨額;－;,全年度預算數;,累計實徵淨額與全年預算數比較;,同期分配預算數;,累計實徵淨額與同期分配預算數比較;,上年同期實徵淨額;,累計實徵淨額與上年同期比較增減;,總計,一;稅捐收入,1.地價稅,2.田賦,3.土地增值稅,4.房屋稅,5.使用牌照稅,6.契稅,7.印花稅,8.娛",花蓮縣政府
各項稅捐實徵淨額與預算數及上年同期比較,109年8月花蓮縣各項稅捐實徵淨額與預算數及上年同期比較-累計數,130139,109年8月花蓮縣各項稅捐實徵淨額與預算數及上年同期比較-累計數,"稅目別,累計實徵數合計;元;,累計實徵數本年度;,累計實徵數以前年度;,累計退還以前年度歲入款;,累計實徵淨額;=;－;,全年度預算數;,累計實徵淨額占全年預算數百分比;,同期分配預算數;,累計實徵淨額占同期分配預算數百分比;,上年同期實徵淨額;,累計實徵淨額與上年同期比較增減;,總計,一;稅捐收入,1.地價稅,2.田賦,3.土地增值稅,4.房屋稅,5.使用牌照稅,6.契稅,7.印花稅,8.娛樂稅,9.特別及臨時稅課,;特別稅,營建剩餘",花蓮縣政府
各項稅捐實徵淨額與預算數及上年同期比較,109年8月花蓮縣各項稅捐實徵淨額與預算數及上年同期比較-本月數,130140,109年8月花蓮縣各項稅捐實徵淨額與預算數及上年同期比較-本月數,"稅目別,本月實徵數合計;元;,本月實徵數本年度;,本月實徵數以前年度;,本月退還以前年度歲入款;,本月實徵淨額 ;－;,本月分配預算數;,本月實徵淨額占預算數;,上年同月實徵淨額;,本月實徵淨額與上年同月比較增減;,總計,一;稅捐收入,1.地價稅,2.田賦,3.土地增值稅,4.房屋稅,5.使用牌照稅,6.契稅,7.印花稅,8.娛樂稅,9.特別及臨時稅課,;特別稅,營建剩餘土石方,土石採取,礦石開採,;臨時稅,營建剩餘土石方,土石採取 ,10.教",花蓮縣政府
各項稅捐本月實徵數簡報表,花蓮縣各項稅捐本月實徵數簡報表,110440,花蓮縣各項稅捐本月實徵數簡報表,"項目別,本月實徵數本年度;,本月實徵數以前年度;,本月退還以前年度歲入款;,總計,一;稅捐收入,1.地價稅,2.田賦,3.土地增值稅,4.房屋稅,5.使用牌照稅,6.契稅,7.印花稅,8.娛樂稅,9.特別及臨時稅課,;特別稅,營建剩餘土石方,土石採取,礦石開採,;臨時稅,營建剩餘土石方,土石採取 ,10.教育捐,;房屋稅附徵,;娛樂稅附徵,;契稅附徵,二;罰鍰,1.財務罰鍰,2.罰金罰鍰",花蓮縣政府
各項稅捐本月實徵數簡報表,108年1月花蓮縣各項稅捐本月實徵數簡報表,110445,108年1月花蓮縣各項稅捐本月實徵數簡報表,"項目別,本月實徵數本年度;,本月實徵數以前年度;,本月退還以前年度歲入款;,總計,一;稅捐收入,1.地價稅,2.田賦,3.土地增值稅,4.房屋稅,5.使用牌照稅,6.契稅,7.印花稅,8.娛樂稅,9.特別及臨時稅課,;特別稅,營建剩餘土石方,土石採取,礦石開採,;臨時稅,營建剩餘土石方,土石採取 ,10.教育捐,;房屋稅附徵,;娛樂稅附徵,;契稅附徵,二;罰鍰,1.財務罰鍰,2.罰金罰鍰",花蓮縣政府
各項稅捐本月實徵數簡報表,108年2月花蓮縣各項稅捐本月實徵數簡報表,110448,108年2月花蓮縣各項稅捐本月實徵數簡報表,"項目別,本月實徵數本年度;,本月實徵數以前年度;,本月退還以前年度歲入款;,總計,一;稅捐收入,1.地價稅,2.田賦,3.土地增值稅,4.房屋稅,5.使用牌照稅,6.契稅,7.印花稅,8.娛樂稅,9.特別及臨時稅課,;特別稅,營建剩餘土石方,土石採取,礦石開採,;臨時稅,營建剩餘土石方,土石採取 ,10.教育捐,;房屋稅附徵,;娛樂稅附徵,;契稅附徵,二;罰鍰,1.財務罰鍰,2.罰金罰鍰",花蓮縣政府
各項稅捐本月實徵數簡報表,108年3月花蓮縣各項稅捐本月實徵數簡報表,110451,108年3月花蓮縣各項稅捐本月實徵數簡報表,"項目別,本月實徵數本年度;,本月實徵數以前年度;,本月退還以前年度歲入款;,總計,一;稅捐收入,1.地價稅,2.田賦,3.土地增值稅,4.房屋稅,5.使用牌照稅,6.契稅,7.印花稅,8.娛樂稅,9.特別及臨時稅課,;特別稅,營建剩餘土石方,土石採取,礦石開採,;臨時稅,營建剩餘土石方,土石採取 ,10.教育捐,;房屋稅附徵,;娛樂稅附徵,;契稅附徵,二;罰鍰,1.財務罰鍰,2.罰金罰鍰",花蓮縣政府
各項稅捐本月實徵數簡報表,108年4月花蓮縣各項稅捐本月實徵數簡報表,110454,108年4月花蓮縣各項稅捐本月實徵數簡報表,"項目別,本月實徵數本年度;,本月實徵數以前年度;,本月退還以前年度歲入款;,總計,一;稅捐收入,1.地價稅,2.田賦,3.土地增值稅,4.房屋稅,5.使用牌照稅,6.契稅,7.印花稅,8.娛樂稅,9.特別及臨時稅課,;特別稅,營建剩餘土石方,土石採取,礦石開採,;臨時稅,營建剩餘土石方,土石採取 ,10.教育捐,;房屋稅附徵,;娛樂稅附徵,;契稅附徵,二;罰鍰,1.財務罰鍰,2.罰金罰鍰",花蓮縣政府
各項稅捐本月實徵數簡報表,108年5月花蓮縣各項稅捐本月實徵數簡報表,110457,108年5月花蓮縣各項稅捐本月實徵數簡報表,"項目別,本月實徵數本年度;,本月實徵數以前年度;,本月退還以前年度歲入款;,總計,一;稅捐收入,1.地價稅,2.田賦,3.土地增值稅,4.房屋稅,5.使用牌照稅,6.契稅,7.印花稅,8.娛樂稅,9.特別及臨時稅課,;特別稅,營建剩餘土石方,土石採取,礦石開採,;臨時稅,營建剩餘土石方,土石採取 ,10.教育捐,;房屋稅附徵,;娛樂稅附徵,;契稅附徵,二;罰鍰,1.財務罰鍰,2.罰金罰鍰",花蓮縣政府
各項稅捐本月實徵數簡報表,108年6月花蓮縣各項稅捐本月實徵數簡報表,110460,108年6月花蓮縣各項稅捐本月實徵數簡報表,"項目別,本月實徵數本年度;,本月實徵數以前年度;,本月退還以前年度歲入款;,總計,一;稅捐收入,1.地價稅,2.田賦,3.土地增值稅,4.房屋稅,5.使用牌照稅,6.契稅,7.印花稅,8.娛樂稅,9.特別及臨時稅課,;特別稅,營建剩餘土石方,土石採取,礦石開採,;臨時稅,營建剩餘土石方,土石採取 ,10.教育捐,;房屋稅附徵,;娛樂稅附徵,;契稅附徵,二;罰鍰,1.財務罰鍰,2.罰金罰鍰",花蓮縣政府
各項稅捐本月實徵數簡報表,108年7月花蓮縣各項稅捐本月實徵數簡報表,110463,108年7月花蓮縣各項稅捐本月實徵數簡報表,"項目別,本月實徵數本年度;,本月實徵數以前年度;,本月退還以前年度歲入款;,總計,一;稅捐收入,1.地價稅,2.田賦,3.土地增值稅,4.房屋稅,5.使用牌照稅,6.契稅,7.印花稅,8.娛樂稅,9.特別及臨時稅課,;特別稅,營建剩餘土石方,土石採取,礦石開採,;臨時稅,營建剩餘土石方,土石採取 ,10.教育捐,;房屋稅附徵,;娛樂稅附徵,;契稅附徵,二;罰鍰,1.財務罰鍰,2.罰金罰鍰",花蓮縣政府
各項稅捐本月實徵數簡報表,108年8月花蓮縣各項稅捐本月實徵數簡報表,110466,108年8月花蓮縣各項稅捐本月實徵數簡報表,"項目別,本月實徵數本年度;,本月實徵數以前年度;,本月退還以前年度歲入款;,總計,一;稅捐收入,1.地價稅,2.田賦,3.土地增值稅,4.房屋稅,5.使用牌照稅,6.契稅,7.印花稅,8.娛樂稅,9.特別及臨時稅課,;特別稅,營建剩餘土石方,土石採取,礦石開採,;臨時稅,營建剩餘土石方,土石採取 ,10.教育捐,;房屋稅附徵,;娛樂稅附徵,;契稅附徵,二;罰鍰,1.財務罰鍰,2.罰金罰鍰",花蓮縣政府
各項稅捐本月實徵數簡報表,108年9月花蓮縣各項稅捐本月實徵數簡報表,110467,108年9月花蓮縣各項稅捐本月實徵數簡報表,"項目別,本月實徵數本年度;,本月實徵數以前年度;,本月退還以前年度歲入款;,總計,一;稅捐收入,1.地價稅,2.田賦,3.土地增值稅,4.房屋稅,5.使用牌照稅,6.契稅,7.印花稅,8.娛樂稅,9.特別及臨時稅課,;特別稅,營建剩餘土石方,土石採取,礦石開採,;臨時稅,營建剩餘土石方,土石採取 ,10.教育捐,;房屋稅附徵,;娛樂稅附徵,;契稅附徵,二;罰鍰,1.財務罰鍰,2.罰金罰鍰",花蓮縣政府
各項稅捐本月實徵數簡報表,108年10月花蓮縣各項稅捐本月實徵數簡報表,110890,108年10月花蓮縣各項稅捐本月實徵數簡報表,本月實徵數; 本月退還以前年度歲入款;總計;稅 捐 收 入;地價稅;田賦; 土地增值稅;房屋稅;使用牌照稅; 契稅;印花稅;娛樂稅;特別及臨時稅課;特別稅;營建剩餘土石方;土石採取;礦石開採 ;臨時稅;土石採取 ;教育捐;房屋稅附徵;娛樂稅附徵;契稅附徵;罰鍰 ;財務罰鍰;罰金罰鍰,花蓮縣政府
各項稅捐本月實徵數簡報表,108年11月花蓮縣各項稅捐本月實徵數簡報表,114871,108年11月花蓮縣各項稅捐本月實徵數簡報表,"項目別,本月實徵數本年度;,本月實徵數以前年度;,本月退還以前年度歲入款;,總計,一;稅捐收入,1.地價稅,2.田賦,3.土地增值稅,4.房屋稅,5.使用牌照稅,6.契稅,7.印花稅,8.娛樂稅,9.特別及臨時稅課,;特別稅,營建剩餘土石方,土石採取,礦石開採,;臨時稅,營建剩餘土石方,土石採取 ,10.教育捐,;房屋稅附徵,;娛樂稅附徵,;契稅附徵,二;罰鍰,1.財務罰鍰,2.罰金罰鍰",花蓮縣政府
各項稅捐本月實徵數簡報表,108年12月花蓮縣各項稅捐本月實徵數簡報表,116008,108年12月花蓮縣各項稅捐本月實徵數簡報表,"項目別,本月實徵數本年度;,本月實徵數以前年度;,本月退還以前年度歲入款;,總計,一;稅捐收入,1.地價稅,2.田賦,3.土地增值稅,4.房屋稅,5.使用牌照稅,6.契稅,7.印花稅,8.娛樂稅,9.特別及臨時稅課,;特別稅,營建剩餘土石方,土石採取,礦石開採,;臨時稅,營建剩餘土石方,土石採取 ,10.教育捐,;房屋稅附徵,;娛樂稅附徵,;契稅附徵,二;罰鍰,1.財務罰鍰,2.罰金罰鍰",花蓮縣政府
各項稅捐本月實徵數簡報表,109年1月花蓮縣各項稅捐本月實徵數簡報表,120844,109年1月花蓮縣各項稅捐本月實徵數簡報表,"項目別,本月實徵數本年度;,本月實徵數以前年度;,本月退還以前年度歲入款;,總計,一;稅捐收入,1.地價稅,2.田賦,3.土地增值稅,4.房屋稅,5.使用牌照稅,6.契稅,7.印花稅,8.娛樂稅,9.特別及臨時稅課,;特別稅,營建剩餘土石方,土石採取,礦石開採,;臨時稅,營建剩餘土石方,土石採取 ,10.教育捐,;房屋稅附徵,;娛樂稅附徵,;契稅附徵,二;罰鍰,1.財務罰鍰,2.罰金罰鍰",花蓮縣政府
各項稅捐本月實徵數簡報表,109年2月花蓮縣各項稅捐本月實徵數簡報表,120852,109年2月花蓮縣各項稅捐本月實徵數簡報表,"項目別,本月實徵數本年度;,本月實徵數以前年度;,本月退還以前年度歲入款;,總計,一;稅捐收入,1.地價稅,2.田賦,3.土地增值稅,4.房屋稅,5.使用牌照稅,6.契稅,7.印花稅,8.娛樂稅,9.特別及臨時稅課,;特別稅,營建剩餘土石方,土石採取,礦石開採,;臨時稅,營建剩餘土石方,土石採取 ,10.教育捐,;房屋稅附徵,;娛樂稅附徵,;契稅附徵,二;罰鍰,1.財務罰鍰,2.罰金罰鍰",花蓮縣政府
各項稅捐本月實徵數簡報表,109年3月花蓮縣各項稅捐本月實徵數簡報表,120858,109年3月花蓮縣各項稅捐本月實徵數簡報表,"項目別,本月實徵數本年度;,本月實徵數以前年度;,本月退還以前年度歲入款;,總計,一;稅捐收入,1.地價稅,2.田賦,3.土地增值稅,4.房屋稅,5.使用牌照稅,6.契稅,7.印花稅,8.娛樂稅,9.特別及臨時稅課,;特別稅,營建剩餘土石方,土石採取,礦石開採,;臨時稅,營建剩餘土石方,土石採取 ,10.教育捐,;房屋稅附徵,;娛樂稅附徵,;契稅附徵,二;罰鍰,1.財務罰鍰,2.罰金罰鍰",花蓮縣政府
各項稅捐本月實徵數簡報表,109年4月花蓮縣各項稅捐本月實徵數簡報表,129621,109年4月花蓮縣各項稅捐本月實徵數簡報表,"項目別,本月實徵數本年度;,本月實徵數以前年度;,本月退還以前年度歲入款;,總計,一;稅捐收入,1.地價稅,2.田賦,3.土地增值稅,4.房屋稅,5.使用牌照稅,6.契稅,7.印花稅,8.娛樂稅,9.特別及臨時稅課,;特別稅,營建剩餘土石方,土石採取,礦石開採,;臨時稅,營建剩餘土石方,土石採取 ,10.教育捐,;房屋稅附徵,;娛樂稅附徵,;契稅附徵,二;罰鍰,1.財務罰鍰,2.罰金罰鍰",花蓮縣政府
各項稅捐本月實徵數簡報表,109年6月花蓮縣各項稅捐本月實徵數簡報表,129629,109年6月花蓮縣各項稅捐本月實徵數簡報表,"項目別,本月實徵數本年度;,本月實徵數以前年度;,本月退還以前年度歲入款;,總計,一;稅捐收入,1.地價稅,2.田賦,3.土地增值稅,4.房屋稅,5.使用牌照稅,6.契稅,7.印花稅,8.娛樂稅,9.特別及臨時稅課,;特別稅,營建剩餘土石方,土石採取,礦石開採,;臨時稅,營建剩餘土石方,土石採取 ,10.教育捐,;房屋稅附徵,;娛樂稅附徵,;契稅附徵,二;罰鍰,1.財務罰鍰,2.罰金罰鍰",花蓮縣政府
各項稅捐本月實徵數簡報表,107年12月花蓮縣各項稅捐本月實徵數簡報表,129639,107年12月花蓮縣各項稅捐本月實徵數簡報表,"項目別,本月實徵數本年度;,本月實徵數以前年度;,本月退還以前年度歲入款;,總計,一;稅捐收入,1.地價稅,2.田賦,3.土地增值稅,4.房屋稅,5.使用牌照稅,6.契稅,7.印花稅,8.娛樂稅,9.特別及臨時稅課,;特別稅,營建剩餘土石方,土石採取,礦石開採,;臨時稅,營建剩餘土石方,土石採取 ,10.教育捐,;房屋稅附徵,;娛樂稅附徵,;契稅附徵,二;罰鍰,1.財務罰鍰,2.罰金罰鍰",花蓮縣政府
各項稅捐本月實徵數簡報表,109年7月花蓮縣各項稅捐本月實徵數簡報表,129743,109年7月花蓮縣各項稅捐本月實徵數簡報表,"項目別,本月實徵數本年度;,本月實徵數以前年度;,本月退還以前年度歲入款;,總計,一;稅捐收入,1.地價稅,2.田賦,3.土地增值稅,4.房屋稅,5.使用牌照稅,6.契稅,7.印花稅,8.娛樂稅,9.特別及臨時稅課,;特別稅,營建剩餘土石方,土石採取,礦石開採,;臨時稅,營建剩餘土石方,土石採取 ,10.教育捐,;房屋稅附徵,;娛樂稅附徵,;契稅附徵,二;罰鍰,1.財務罰鍰,2.罰金罰鍰",花蓮縣政府
各項稅捐本月實徵數簡報表,109年8月花蓮縣各項稅捐本月實徵數簡報表,130138,109年8月花蓮縣各項稅捐本月實徵數簡報表,"項目別,本月實徵數本年度;,本月實徵數以前年度;,本月退還以前年度歲入款;,總計,一;稅捐收入,1.地價稅,2.田賦,3.土地增值稅,4.房屋稅,5.使用牌照稅,6.契稅,7.印花稅,8.娛樂稅,9.特別及臨時稅課,;特別稅,營建剩餘土石方,土石採取,礦石開採,;臨時稅,營建剩餘土石方,土石採取 ,10.教育捐,;房屋稅附徵,;娛樂稅附徵,;契稅附徵,二;罰鍰,1.財務罰鍰,2.罰金罰鍰",花蓮縣政府
各項稅收稽徵人力,花蓮縣各項稅收稽徵人力,110441,花蓮縣各項稅收稽徵人力,詳如資料集內容,花蓮縣政府
各項稅收稽徵人力,107年花蓮縣各項稅收稽徵人力,114856,107年花蓮縣各項稅收稽徵人力,"稅目,合計,地價稅,土地增值稅,房屋稅,使用牌照稅,契稅,印花稅,娛樂稅,特別稅,臨時稅,總計人數;=;+;,總計比率;,直接人力第一層人力人數;,直接人力第一層人力比率;,直接人力第二層人力人數;,直接人力累計人數;,直接人力累計比率;,間接人力首長及行政單位人力人數;,間接人力首長及行政單位人力比率",花蓮縣政府
各項稅收稽徵人力,108年花蓮縣各項稅收稽徵人力,120851,108年花蓮縣各項稅收稽徵人力,"稅目,合計,地價稅,土地增值稅,房屋稅,使用牌照稅,契稅,印花稅,娛樂稅,特別稅,臨時稅,總計人數;=;+;,總計比率;,直接人力第一層人力人數;,直接人力第一層人力比率;,直接人力第二層人力人數;,直接人力累計人數;,直接人力累計比率;,間接人力首長及行政單位人力人數;,間接人力首長及行政單位人力比率",花蓮縣政府
各項稅收稽徵成本,107年度花蓮縣各項稅收稽徵成本,110442,107年度花蓮縣各項稅收稽徵成本,"稅別,實徵淨額;,成本總計;,直接成本小計;,直接成本人事費;,直接成本業務費;,直接成本獎補助及損失;,間接成本小計;,間接成本人事費;,間接成本業務費;元;,間接成本設備及投資費;,間接成本其他;,每千元成本;,總計,地價稅,土地增值稅,房屋稅,使用牌照稅,契稅,印花稅,娛樂稅,特別稅,臨時稅",花蓮縣政府
各項稅收稽徵成本,108年度花蓮縣各項稅收稽徵成本,120850,108年度花蓮縣各項稅收稽徵成本,"稅別,實徵淨額;,成本總計;,直接成本小計;,直接成本人事費;,直接成本業務費;,直接成本獎補助及損失;,間接成本小計;,間接成本人事費;,間接成本業務費;元;,間接成本設備及投資費;,間接成本其他;,每千元成本;,總計,地價稅,土地增值稅,房屋稅,使用牌照稅,契稅,印花稅,娛樂稅,特別稅,臨時稅",花蓮縣政府
各項稅收稽徵成本,107年花蓮縣各項稅收稽徵成本,129642,107年花蓮縣各項稅收稽徵成本,"稅別,實徵淨額;,成本總計;,直接成本小計;,直接成本人事費;,直接成本業務費;,直接成本獎補助及損失;,間接成本小計;,間接成本人事費;,間接成本業務費;元;,間接成本設備及投資費;,間接成本其他;,每千元成本;,總計,地價稅,土地增值稅,房屋稅,使用牌照稅,契稅,印花稅,娛樂稅,特別稅,臨時稅",花蓮縣政府
各項稅收稽徵成本,108年花蓮縣各項稅收稽徵成本,129643,108年花蓮縣各項稅收稽徵成本,"稅別,實徵淨額;,成本總計;,直接成本小計;,直接成本人事費;,直接成本業務費;,直接成本獎補助及損失;,間接成本小計;,間接成本人事費;,間接成本業務費;元;,間接成本設備及投資費;,間接成本其他;,每千元成本;,總計,地價稅,土地增值稅,房屋稅,使用牌照稅,契稅,印花稅,娛樂稅,特別稅,臨時稅",花蓮縣政府
各類房屋耐用年數及折舊率標準表,花蓮縣各類房屋耐用年數及折舊率標準表,110552,花蓮縣各類房屋耐用年數及折舊率標準表,詳如資料集內容,花蓮縣政府
各類房屋耐用年數及折舊率標準表(起適用),花蓮縣各類房屋耐用年數及折舊率標準表(108年7月1日起適用),114858,花蓮縣各類房屋耐用年數及折舊率標準表(108年7月1日起適用),構造別/代 號/折舊率/耐用年數/殘值率,花蓮縣政府
合作社,合作社,110866,合作社,詳如資料集內容,社會處
員工特約商店,花蓮縣政府員工特約商店,110433,花蓮縣政府員工特約商店,詳如資料集內容,人事處
員工福利服務措施專區,花蓮縣政府員工福利服務措施專區,110434,花蓮縣政府員工福利服務措施專區,詳如資料集內容,人事處
哺集乳室名單,花蓮縣哺集乳室名單,110606,花蓮縣哺集乳室名單,詳如資料集內容,花蓮縣衛生局
商業登記資訊系統商業設立登記清冊,花蓮縣政府商業登記資訊系統商業設立登記清冊,110585,花蓮縣政府商業登記資訊系統商業設立登記清冊,詳如資料集內容,觀光處
喘息服務提供單位,喘息服務提供單位,110765,喘息服務提供單位,詳如資料集內容,社會處
單親家庭服務提供單位,單親家庭服務提供單位,110762,單親家庭服務提供單位,詳如資料集內容,社會處
國民年金服務據點,國民年金服務據點,110835,國民年金服務據點,詳如資料集內容,社會處
土地增值稅徵收月報,花蓮縣108年1月土地增值稅徵收月報,114863,花蓮縣108年1月土地增值稅徵收月報,花蓮縣108年1月土地增值稅徵收月報,花蓮縣政府
土地增值稅徵收月報,花蓮縣108年2月土地增值稅徵收月報,114864,花蓮縣108年2月土地增值稅徵收月報,花蓮縣108年2月土地增值稅徵收月報,花蓮縣政府
土地增值稅徵收月報,花蓮縣108年3月土地增值稅徵收月報,114865,花蓮縣108年3月土地增值稅徵收月報,花蓮縣108年3月土地增值稅徵收月報,花蓮縣政府
土地增值稅徵收月報,花蓮縣108年4月土地增值稅徵收月報,114866,花蓮縣108年4月土地增值稅徵收月報,花蓮縣108年4月土地增值稅徵收月報,花蓮縣政府
土地增值稅徵收月報,花蓮縣108年5月土地增值稅徵收月報,114867,花蓮縣108年5月土地增值稅徵收月報,花蓮縣108年5月土地增值稅徵收月報,花蓮縣政府
土地增值稅徵收月報,花蓮縣108年6月土地增值稅徵收月報,114880,花蓮縣108年6月土地增值稅徵收月報,花蓮縣108年6月土地增值稅徵收月報,花蓮縣政府
土地增值稅徵收月報,花蓮縣108年7月土地增值稅徵收月報,114881,花蓮縣108年7月土地增值稅徵收月報,花蓮縣108年7月土地增值稅徵收月報,花蓮縣政府
土地增值稅徵收月報,花蓮縣108年8月土地增值稅徵收月報,114882,花蓮縣108年8月土地增值稅徵收月報,花蓮縣108年8月土地增值稅徵收月報,花蓮縣政府
土地增值稅徵收月報,花蓮縣108年9月土地增值稅徵收月報,114883,花蓮縣108年9月土地增值稅徵收月報,花蓮縣108年9月土地增值稅徵收月報,花蓮縣政府
土地增值稅徵收月報,花蓮縣108年10月土地增值稅徵收月報,114887,花蓮縣108年10月土地增值稅徵收月報,花蓮縣108年10月土地增值稅徵收月報,花蓮縣政府
土地增值稅徵收月報,花蓮縣108年11月土地增值稅徵收月報,114888,花蓮縣108年11月土地增值稅徵收月報,花蓮縣108年11月土地增值稅徵收月報,花蓮縣政府
土地增值稅徵收月報,花蓮縣108年12月土地增值稅徵收月報,114889,花蓮縣108年12月土地增值稅徵收月報,花蓮縣108年12月土地增值稅徵收月報,花蓮縣政府
土地增值稅徵收月報,花蓮縣109年1月土地增值稅徵收月報,120847,花蓮縣109年1月土地增值稅徵收月報,花蓮縣109年1月土地增值稅徵收月報,花蓮縣政府
土地增值稅徵收月報,花蓮縣109年2月土地增值稅徵收月報,120857,花蓮縣109年2月土地增值稅徵收月報,花蓮縣109年2月土地增值稅徵收月報,花蓮縣政府
土地增值稅徵收月報,花蓮縣109年3月土地增值稅徵收月報,120865,花蓮縣109年3月土地增值稅徵收月報,花蓮縣109年3月土地增值稅徵收月報,花蓮縣政府
土地增值稅徵收月報,花蓮縣109年4月土地增值稅徵收月報,129626,花蓮縣109年4月土地增值稅徵收月報,花蓮縣109年4月土地增值稅徵收月報,花蓮縣政府
土地增值稅徵收月報,花蓮縣109年5月土地增值稅徵收月報,129632,花蓮縣109年5月土地增值稅徵收月報,花蓮縣109年5月土地增值稅徵收月報,花蓮縣政府
土地增值稅徵收月報,花蓮縣109年7月土地增值稅徵收月報,129750,花蓮縣109年7月土地增值稅徵收月報,花蓮縣109年7月土地增值稅徵收月報,花蓮縣政府
土地增值稅徵收月報,花蓮縣109年6月土地增值稅徵收月報,130129,花蓮縣109年6月土地增值稅徵收月報,花蓮縣109年6月土地增值稅徵收月報,花蓮縣政府
土地增值稅徵收月報,花蓮縣109年8月土地增值稅徵收月報,130142,花蓮縣109年8月土地增值稅徵收月報,花蓮縣109年8月土地增值稅徵收月報,花蓮縣政府
土石採取景觀維護特別稅實徵數比例分析表,105年土石採取景觀維護特別稅實徵數比例分析表,114868,105年土石採取景觀維護特別稅實徵數比例分析表,105年土石採取景觀維護特別稅實徵數比例分析表,花蓮縣政府
土石採取景觀維護特別稅實徵數比例分析表,106年土石採取景觀維護特別稅實徵數比例分析表,114877,106年土石採取景觀維護特別稅實徵數比例分析表,106年土石採取景觀維護特別稅實徵數比例分析表,花蓮縣政府
土石採取景觀維護特別稅實徵數比例分析表,107年土石採取景觀維護特別稅實徵數比例分析表,114878,107年土石採取景觀維護特別稅實徵數比例分析表,107年土石採取景觀維護特別稅實徵數比例分析表,花蓮縣政府
土石採取景觀維護特別稅實徵數比例分析表,105年花蓮縣土石採取景觀維護特別稅實徵數比例分析表,129602,105年花蓮縣土石採取景觀維護特別稅實徵數比例分析表,105年花蓮縣土石採取景觀維護特別稅實徵數比例分析表,花蓮縣政府
土石採取景觀維護特別稅實徵數比例分析表,106年花蓮縣土石採取景觀維護特別稅實徵數比例分析表,129610,106年花蓮縣土石採取景觀維護特別稅實徵數比例分析表,106年花蓮縣土石採取景觀維護特別稅實徵數比例分析表,花蓮縣政府
土石採取景觀維護特別稅實徵數比例分析表,107年花蓮縣土石採取景觀維護特別稅實徵數比例分析表,129611,107年花蓮縣土石採取景觀維護特別稅實徵數比例分析表,107年花蓮縣土石採取景觀維護特別稅實徵數比例分析表,花蓮縣政府
土石採取景觀維護特別稅實徵數比例分析表,108年花蓮縣土石採取景觀維護特別稅實徵數比例分析表,129682,108年花蓮縣土石採取景觀維護特別稅實徵數比例分析表,108年花蓮縣土石採取景觀維護特別稅實徵數比例分析表,花蓮縣政府
土石採取景觀維護特別稅徵績表,花蓮縣土石採取景觀維護特別稅108年度1月份徵績表,129646,花蓮縣土石採取景觀維護特別稅108年度1月份徵績表,花蓮縣土石採取景觀維護特別稅108年度1月份徵績表,花蓮縣政府
土石採取景觀維護特別稅徵績表,花蓮縣土石採取景觀維護特別稅108年度2月份徵績表,129647,花蓮縣土石採取景觀維護特別稅108年度2月份徵績表,花蓮縣土石採取景觀維護特別稅108年度2月份徵績表,花蓮縣政府
土石採取景觀維護特別稅徵績表,花蓮縣土石採取景觀維護特別稅108年度3月份徵績表,129648,花蓮縣土石採取景觀維護特別稅108年度3月份徵績表,花蓮縣土石採取景觀維護特別稅108年度3月份徵績表,花蓮縣政府
土石採取景觀維護特別稅徵績表,花蓮縣土石採取景觀維護特別稅108年度4月份徵績表,129649,花蓮縣土石採取景觀維護特別稅108年度4月份徵績表,花蓮縣土石採取景觀維護特別稅108年度4月份徵績表,花蓮縣政府
土石採取景觀維護特別稅徵績表,花蓮縣土石採取景觀維護特別稅108年度5月份徵績表,129650,花蓮縣土石採取景觀維護特別稅108年度5月份徵績表,花蓮縣土石採取景觀維護特別稅108年度5月份徵績表,花蓮縣政府
土石採取景觀維護特別稅徵績表,花蓮縣土石採取景觀維護特別稅108年度6月份徵績表,129651,花蓮縣土石採取景觀維護特別稅108年度6月份徵績表,花蓮縣土石採取景觀維護特別稅108年度6月份徵績表,花蓮縣政府
土石採取景觀維護特別稅徵績表,花蓮縣土石採取景觀維護特別稅108年度7月份徵績表,129652,花蓮縣土石採取景觀維護特別稅108年度7月份徵績表,花蓮縣土石採取景觀維護特別稅108年度7月份徵績表,花蓮縣政府
土石採取景觀維護特別稅徵績表,花蓮縣土石採取景觀維護特別稅108年度8月份徵績表,129653,花蓮縣土石採取景觀維護特別稅108年度8月份徵績表,花蓮縣土石採取景觀維護特別稅108年度8月份徵績表,花蓮縣政府
土石採取景觀維護特別稅徵績表,花蓮縣土石採取景觀維護特別稅108年度9月份徵績表,129654,花蓮縣土石採取景觀維護特別稅108年度9月份徵績表,花蓮縣土石採取景觀維護特別稅108年度9月份徵績表,花蓮縣政府
土石採取景觀維護特別稅徵績表,花蓮縣土石採取景觀維護特別稅108年度11月份徵績表,129656,花蓮縣土石採取景觀維護特別稅108年度11月份徵績表,花蓮縣土石採取景觀維護特別稅108年度11月份徵績表,花蓮縣政府
土石採取景觀維護特別稅徵績表,花蓮縣土石採取景觀維護特別稅108年度12月份徵績表,129657,花蓮縣土石採取景觀維護特別稅108年度12月份徵績表,花蓮縣土石採取景觀維護特別稅108年度12月份徵績表,花蓮縣政府
土石採取景觀維護特別稅徵績表,花蓮縣土石採取景觀維護特別稅109年度1月份徵績表,129658,花蓮縣土石採取景觀維護特別稅109年度1月份徵績表,花蓮縣土石採取景觀維護特別稅109年度1月份徵績表,花蓮縣政府
土石採取景觀維護特別稅徵績表,花蓮縣土石採取景觀維護特別稅109年度2月份徵績表,129659,花蓮縣土石採取景觀維護特別稅109年度2月份徵績表,花蓮縣土石採取景觀維護特別稅109年度2月份徵績表,花蓮縣政府
土石採取景觀維護特別稅徵績表,花蓮縣土石採取景觀維護特別稅109年度3月份徵績表,129660,花蓮縣土石採取景觀維護特別稅109年度3月份徵績表,花蓮縣土石採取景觀維護特別稅109年度3月份徵績表,花蓮縣政府
土石採取景觀維護特別稅徵績表,花蓮縣土石採取景觀維護特別稅109年度4月份徵績表,129661,花蓮縣土石採取景觀維護特別稅109年度4月份徵績表,花蓮縣土石採取景觀維護特別稅109年度4月份徵績表,花蓮縣政府
土石採取景觀維護特別稅徵績表,花蓮縣土石採取景觀維護特別稅109年度5月份徵績表,129662,花蓮縣土石採取景觀維護特別稅109年度5月份徵績表,花蓮縣土石採取景觀維護特別稅109年度5月份徵績表,花蓮縣政府
土石採取景觀維護特別稅徵績表,花蓮縣土石採取景觀維護特別稅109年度6月份徵績表,129663,花蓮縣土石採取景觀維護特別稅109年度6月份徵績表,花蓮縣土石採取景觀維護特別稅109年度6月份徵績表,花蓮縣政府
土石採取景觀維護特別稅徵績表,花蓮縣土石採取景觀維護特別稅108年度10月份徵績表,130131,花蓮縣土石採取景觀維護特別稅108年度10月份徵績表,花蓮縣土石採取景觀維護特別稅108年度10月份徵績表,花蓮縣政府
地價稅稅源統計表,花蓮縣105年地價稅稅源統計表,110579,花蓮縣105年地價稅稅源統計表,詳如資料集內容,花蓮縣政府
地價稅稅源統計表,花蓮縣106年地價稅稅源統計表,110580,花蓮縣106年地價稅稅源統計表,詳如資料集內容,花蓮縣政府
地價稅稅源統計表,花蓮縣107年地價稅稅源統計表,110581,花蓮縣107年地價稅稅源統計表,詳如資料集內容,花蓮縣政府
地價稅稅源統計表,103年地價稅稅源統計表,110582,103年地價稅稅源統計表,詳如資料集內容,花蓮縣政府
地價稅稅源統計表,104年地價稅稅源統計表,110583,104年地價稅稅源統計表,詳如資料集內容,花蓮縣政府
地價稅稅源統計表,花蓮縣108年地價稅稅源統計表,120843,108年地價稅稅源統計表,108年地價稅稅源統計表,花蓮縣政府
地方稅務局使用牌照稅徵績(上期滯納期滿),花蓮縣地方稅務局107使用牌照稅徵績(上期滯納期滿),110697,花蓮縣地方稅務局107使用牌照稅徵績(上期滯納期滿),詳如資料集內容,花蓮縣政府
地方稅務局使用牌照稅徵績(上期結束),花蓮縣地方稅務局107年使用牌照稅徵績(上期結束),110698,花蓮縣地方稅務局107年使用牌照稅徵績(上期結束),詳如資料集內容,花蓮縣政府
地方稅務局使用牌照稅徵績(下期結束),花蓮縣地方稅務局107年使用牌照稅徵績(下期結束),110505,花蓮縣地方稅務局107年使用牌照稅徵績(下期結束),詳如資料集內容,花蓮縣政府
地方稅務局使用牌照稅徵績-上期結束,花蓮縣地方稅務局108使用牌照稅徵績-上期結束,110556,花蓮縣地方稅務局108使用牌照稅徵績-上期結束,詳如資料集內容,花蓮縣政府
地方稅務局使用牌照稅徵績-滯納期滿,花蓮縣地方稅務局108使用牌照稅徵績-滯納期滿,110557,花蓮縣地方稅務局108使用牌照稅徵績-滯納期滿,詳如資料集內容,花蓮縣政府
地方稅務局使用牌照稅徵績下期結束滯納期滿,花蓮縣地方稅務局107使用牌照稅徵績下期結束滯納期滿,110510,花蓮縣地方稅務局107使用牌照稅徵績下期結束滯納期滿,詳如資料集內容,花蓮縣政府
地方稅務局使用牌照稅稅源,花蓮縣地方稅務局使用牌照稅106年稅源-1,110508,花蓮縣地方稅務局使用牌照稅106年稅源-1,詳如資料集內容,花蓮縣政府
地方稅務局使用牌照稅稅源,花蓮縣地方稅務局106年使用牌照稅稅源-2,110706,花蓮縣地方稅務局106年使用牌照稅稅源-2,詳如資料集內容,花蓮縣政府
地方稅務局使用牌照稅稅源,花蓮縣地方稅務局使用牌照稅107年稅源-1,120863,花蓮縣地方稅務局使用牌照稅107年稅源-1,花蓮縣地方稅務局使用牌照稅107年稅源,花蓮縣政府
地方稅務局使用牌照稅稅源,花蓮縣地方稅務局使用牌照稅107年稅源-2,120864,花蓮縣地方稅務局使用牌照稅107年稅源,花蓮縣地方稅務局使用牌照稅107年稅源,花蓮縣政府
地方稅務局未徵數情形P2,107年花蓮縣地方稅務局未徵數情形P2-1,129557,＊ 統計地區範圍及對象：以本年度及以前年度查核定開徵未徵起本稅及罰款之件數及金額為統計範圍及對象。 ＊ 統計標準時間：以會計年度(即本年1月1日至本年12月底)之事實為準。,1.本表區分本年度及以前年度，係以開徵始日所屬年度為基準。2.本表各欄位關係 : ;=;+;。3.罰鍰案件係指違章罰鍰，管理代號為「R」之案件。,花蓮縣政府
地方稅務局未徵數情形P2,107年花蓮縣地方稅務局未徵數情形(續)P2-2,129558,＊ 統計地區範圍及對象：以本年度及以前年度查核定開徵未徵起本稅及罰款之件數及金額為統計範圍及對象。 ＊ 統計標準時間：以會計年度(即本年1月1日至本年12月底)之事實為準。,1.本表區分本年度及以前年度，係以開徵始日所屬年度為基準。2.本表各欄位關係 : ;=;+;。3.罰鍰案件係指違章罰鍰，管理代號為「R」之案件。,花蓮縣政府
地方稅務局未徵數情形P2,108年花蓮縣地方稅務局未徵數情形P2-1,129608,＊統計範圍及對象：以轄區內本年度及以前年度查核定開徵表列各稅之本稅及罰鍰案件為統計基準範圍及對象。及對象。 ＊統計標準時間：以會計年度(即本年1月1日至當年12月底)之事實為準。,本表各欄位關係 : ;=;+;。,花蓮縣政府
地方稅務局未徵數情形P2,108年花蓮縣地方稅務局未徵數情形(續)P2-2,129609,＊統計範圍及對象：以轄區內本年度及以前年度查核定開徵表列各稅之本稅及罰鍰案件為統計基準範圍及對象。及對象。 ＊統計標準時間：以會計年度(即本年1月1日至當年12月底)之事實為準。,本表各欄位關係 : ;=;+;。,花蓮縣政府
地方稅務局查(核)定開徵數情形,107年花蓮縣地方稅務局查(核)定開徵數情形,129556,＊ 統計地區範圍及對象：以本年度及以前年度查核定開徵表列各稅之本稅及罰鍰案件為統計基準範圍及對象。 ＊統計標準時間：以會計年度(即本年1月1日至當年12月底)之事實為準。,1.本表區分本年度及以前年度，係以開徵始日所屬年度為基準。2.本表各欄位關係：;=;+;。3.罰鍰案件係指違章罰鍰，管理代號為「R」之案件。,花蓮縣政府
地方稅務局查(核)定開徵數情形,108年花蓮縣地方稅務局查(核)定開徵數情形,129607,＊統計範圍及對象：以轄區內本年度及以前年度查核定開徵表列各稅之本稅及罰鍰案件為統計基準範圍及對象。及對象。 ＊統計標準時間：以會計年度(即本年1月1日至當年12月底)之事實為準。,本表各欄位關係：;=;+;。,花蓮縣政府
地方稅務局檔案閱覽抄錄複製收費標準-檔案複製收費標準表,花蓮縣地方稅務局檔案閱覽抄錄複製收費標準-檔案複製收費標準表,110471,花蓮縣地方稅務局檔案閱覽抄錄複製收費標準-檔案複製收費標準表,詳如資料集內容,花蓮縣政府
地方稅務局滯納及違章罰鍰移送執行情形月報表,107年12月花蓮縣地方稅務局滯納及違章罰鍰移送執行情形月報表(以前年度),129559,＊統計地區範圍及對象：凡逾滯納期未經徵起之欠稅費，經移送強制執 行者均屬之。 ＊統計標準時間：本月資料以每月 1 日至月底，累計資料以每一會計年 度起始日至當月底之事實為準。,資源主要欄位說明 一.I：本月數，S：累計數。累計數為每月本月數累計相加。二.罰鍰係指本稅以外之短估金，滯;報金，滯納金及加計利息等之合計數。,花蓮縣政府
地方稅務局滯納及違章罰鍰移送執行情形月報表,107年12月花蓮縣地方稅務局滯納及違章罰鍰移送執行情形月報表(本年度),129560,資料範圍、週期及時效 ＊統計地區範圍及對象：凡逾滯納期未經徵起之欠稅費，經移送強制執 行者均屬之。 ＊統計標準時間：本月資料以每月 1 日至月底，累計資料以每一會計年 度起始日至當月底之事實為準。,資源主要欄位說明 一.I：本月數，S：累計數。累計數為每月本月數累計相加。二.罰鍰係指本稅以外之短估金，滯;報金，滯納金及加計利息等之合計數。,花蓮縣政府
地方稅務局滯納及違章罰鍰移送執行情形月報表,108年1月花蓮縣地方稅務局滯納及違章罰鍰移送執行情形月報表(以前年度),129568,＊統計地區範圍及對象：凡逾滯納期未經徵起之欠稅費，經移送強制執行者均屬之。 ＊統計標準時間：本月資料以每月1日至月底，累計資料以每一會計年度起始日至當月底之事實為準。,資源主要欄位說明 一.I：本月數，S：累計數。累計數為每月本月數累計相加。二.罰鍰係指本稅以外之短估金，滯;報金，滯納金及加計利息等之合計數。,花蓮縣政府
地方稅務局滯納及違章罰鍰移送執行情形月報表,108年1月花蓮縣地方稅務局滯納及違章罰鍰移送執行情形月報表(本年度),129569,＊統計地區範圍及對象：凡逾滯納期未經徵起之欠稅費，經移送強制執行者均屬之。 ＊統計標準時間：本月資料以每月1日至月底，累計資料以每一會計年度起始日至當月底之事實為準。,資源主要欄位說明 一.I：本月數，S：累計數。累計數為每月本月數累計相加。二.罰鍰係指本稅以外之短估金，滯;報金，滯納金及加計利息等之合計數。,花蓮縣政府
地方稅務局滯納及違章罰鍰移送執行情形月報表,108年2月花蓮縣地方稅務局滯納及違章罰鍰移送執行情形月報表(以前年度),129571,＊統計地區範圍及對象：凡逾滯納期未經徵起之欠稅費，經移送強制執行者均屬之。 ＊統計標準時間：本月資料以每月1日至月底，累計資料以每一會計年度起始日至當月底之事實為準。,資源主要欄位說明 一.I：本月數，S：累計數。累計數為每月本月數累計相加。二.罰鍰係指本稅以外之短估金，滯;報金，滯納金及加計利息等之合計數。,花蓮縣政府
地方稅務局滯納及違章罰鍰移送執行情形月報表,108年2月花蓮縣地方稅務局滯納及違章罰鍰移送執行情形月報表(本年度),129572,＊統計地區範圍及對象：凡逾滯納期未經徵起之欠稅費，經移送強制執行者均屬之。 ＊統計標準時間：本月資料以每月1日至月底，累計資料以每一會計年度起始日至當月底之事實為準。,資源主要欄位說明 一.I：本月數，S：累計數。累計數為每月本月數累計相加。二.罰鍰係指本稅以外之短估金，滯;報金，滯納金及加計利息等之合計數。,花蓮縣政府
地方稅務局滯納及違章罰鍰移送執行情形月報表,108年3月花蓮縣地方稅務局滯納及違章罰鍰移送執行情形月報表(以前年度),129573,＊統計地區範圍及對象：凡逾滯納期未經徵起之欠稅費，經移送強制執行者均屬之。 ＊統計標準時間：本月資料以每月1日至月底，累計資料以每一會計年度起始日至當月底之事實為準。,資源主要欄位說明 一.I：本月數，S：累計數。累計數為每月本月數累計相加。二.罰鍰係指本稅以外之短估金，滯;報金，滯納金及加計利息等之合計數。,花蓮縣政府
地方稅務局滯納及違章罰鍰移送執行情形月報表,108年3月花蓮縣地方稅務局滯納及違章罰鍰移送執行情形月報表(本年度),129574,＊統計地區範圍及對象：凡逾滯納期未經徵起之欠稅費，經移送強制執行者均屬之。 ＊統計標準時間：本月資料以每月1日至月底，累計資料以每一會計年度起始日至當月底之事實為準。,資源主要欄位說明 一.I：本月數，S：累計數。累計數為每月本月數累計相加。二.罰鍰係指本稅以外之短估金，滯;報金，滯納金及加計利息等之合計數。,花蓮縣政府
地方稅務局滯納及違章罰鍰移送執行情形月報表,108年4月花蓮縣地方稅務局滯納及違章罰鍰移送執行情形月報表(以前年度),129575,＊統計地區範圍及對象：凡逾滯納期未經徵起之欠稅費，經移送強制執行者均屬之。 ＊統計標準時間：本月資料以每月1日至月底，累計資料以每一會計年度起始日至當月底之事實為準。,資源主要欄位說明 一.I：本月數，S：累計數。累計數為每月本月數累計相加。二.罰鍰係指本稅以外之短估金，滯;報金，滯納金及加計利息等之合計數。,花蓮縣政府
地方稅務局滯納及違章罰鍰移送執行情形月報表,108年4月花蓮縣地方稅務局滯納及違章罰鍰移送執行情形月報表(本年度),129576,＊統計地區範圍及對象：凡逾滯納期未經徵起之欠稅費，經移送強制執行者均屬之。 ＊統計標準時間：本月資料以每月1日至月底，累計資料以每一會計年度起始日至當月底之事實為準。,資源主要欄位說明 一.I：本月數，S：累計數。累計數為每月本月數累計相加。二.罰鍰係指本稅以外之短估金，滯;報金，滯納金及加計利息等之合計數。,花蓮縣政府
地方稅務局滯納及違章罰鍰移送執行情形月報表,108年5月花蓮縣地方稅務局滯納及違章罰鍰移送執行情形月報表(以前年度),129578,＊統計地區範圍及對象：凡逾滯納期未經徵起之欠稅費，經移送強制執行者均屬之。 ＊統計標準時間：本月資料以每月1日至月底，累計資料以每一會計年度起始日至當月底之事實為準。,資源主要欄位說明 一.I：本月數，S：累計數。累計數為每月本月數累計相加。二.罰鍰係指本稅以外之短估金，滯;報金，滯納金及加計利息等之合計數。,花蓮縣政府
地方稅務局滯納及違章罰鍰移送執行情形月報表,108年6月花蓮縣地方稅務局滯納及違章罰鍰移送執行情形月報表(以前年度),129581,＊統計地區範圍及對象：凡逾滯納期未經徵起之欠稅費，經移送強制執行者均屬之。 ＊統計標準時間：本月資料以每月1日至月底，累計資料以每一會計年度起始日至當月底之事實為準。,資源主要欄位說明 一.I：本月數，S：累計數。累計數為每月本月數累計相加。二.罰鍰係指本稅以外之短估金，滯;報金，滯納金及加計利息等之合計數。,花蓮縣政府
地方稅務局滯納及違章罰鍰移送執行情形月報表,108年6月花蓮縣地方稅務局滯納及違章罰鍰移送執行情形月報表(本年度),129582,＊統計地區範圍及對象：凡逾滯納期未經徵起之欠稅費，經移送強制執行者均屬之。 ＊統計標準時間：本月資料以每月1日至月底，累計資料以每一會計年度起始日至當月底之事實為準。,資源主要欄位說明 一.I：本月數，S：累計數。累計數為每月本月數累計相加。二.罰鍰係指本稅以外之短估金，滯;報金，滯納金及加計利息等之合計數。,花蓮縣政府
地方稅務局滯納及違章罰鍰移送執行情形月報表,108年7月花蓮縣地方稅務局滯納及違章罰鍰移送執行情形月報表(以前年度),129588,＊統計地區範圍及對象：凡逾滯納期未經徵起之欠稅費，經移送強制執行者均屬之。 ＊統計標準時間：本月資料以每月1日至月底，累計資料以每一會計年度起始日至當月底之事實為準。,資源主要欄位說明 一.I：本月數，S：累計數。累計數為每月本月數累計相加。二.罰鍰係指本稅以外之短估金，滯;報金，滯納金及加計利息等之合計數。,花蓮縣政府
地方稅務局滯納及違章罰鍰移送執行情形月報表,108年7月花蓮縣地方稅務局滯納及違章罰鍰移送執行情形月報表(本年度),129589,＊統計地區範圍及對象：凡逾滯納期未經徵起之欠稅費，經移送強制執行者均屬之。 ＊統計標準時間：本月資料以每月1日至月底，累計資料以每一會計年度起始日至當月底之事實為準。,資源主要欄位說明 一.I：本月數，S：累計數。累計數為每月本月數累計相加。二.罰鍰係指本稅以外之短估金，滯;報金，滯納金及加計利息等之合計數。,花蓮縣政府
地方稅務局滯納及違章罰鍰移送執行情形月報表,108年8月花蓮縣地方稅務局滯納及違章罰鍰移送執行情形月報表(以前年度),129596,＊統計地區範圍及對象：凡逾滯納期未經徵起之欠稅費，經移送強制執行者均屬之。 ＊統計標準時間：本月資料以每月1日至月底，累計資料以每一會計年度起始日至當月底之事實為準。,資源主要欄位說明 一.I：本月數，S：累計數。累計數為每月本月數累計相加。二.罰鍰係指本稅以外之短估金，滯;報金，滯納金及加計利息等之合計數。,花蓮縣政府
地方稅務局滯納及違章罰鍰移送執行情形月報表,108年8月花蓮縣地方稅務局滯納及違章罰鍰移送執行情形月報表(本年度),129597,＊統計地區範圍及對象：凡逾滯納期未經徵起之欠稅費，經移送強制執行者均屬之。 ＊統計標準時間：本月資料以每月1日至月底，累計資料以每一會計年度起始日至當月底之事實為準。,資源主要欄位說明 一.I：本月數，S：累計數。累計數為每月本月數累計相加。二.罰鍰係指本稅以外之短估金，滯;報金，滯納金及加計利息等之合計數。,花蓮縣政府
地方稅務局滯納及違章罰鍰移送執行情形月報表,108年9月花蓮縣地方稅務局滯納及違章罰鍰移送執行情形月報表(以前年度),129598,統計地區範圍及對象：凡逾滯納期未經徵起之欠稅費，經移送強制執行者均屬之。 ＊統計標準時間：本月資料以每月1日至月底，累計資料以每一會計年度起始日至當月底之事實為準。,資源主要欄位說明 一.I：本月數，S：累計數。累計數為每月本月數累計相加。二.罰鍰係指本稅以外之短估金，滯;報金，滯納金及加計利息等之合計數。,花蓮縣政府
地方稅務局滯納及違章罰鍰移送執行情形月報表,108年9月花蓮縣地方稅務局滯納及違章罰鍰移送執行情形月報表(本年度),129599,統計地區範圍及對象：凡逾滯納期未經徵起之欠稅費，經移送強制執行者均屬之。 ＊統計標準時間：本月資料以每月1日至月底，累計資料以每一會計年度起始日至當月底之事實為準。,資源主要欄位說明 一.I：本月數，S：累計數。累計數為每月本月數累計相加。二.罰鍰係指本稅以外之短估金，滯;報金，滯納金及加計利息等之合計數。 三.1+2+4=5，6+7+8+9+10=11，A+B+C+D+E=F，5-11=G，3=全年各月份2之累計，F=全年各月份11之累計。,花蓮縣政府
地方稅務局滯納及違章罰鍰移送執行情形月報表,108年10月花蓮縣地方稅務局滯納及違章罰鍰移送執行情形月報表(以前年度),129600,＊統計地區範圍及對象：凡逾滯納期未經徵起之欠稅費，經移送強制執行者均屬之。 ＊統計標準時間：本月資料以每月1日至月底，累計資料以每一會計年度起始日至當月底之事實為準。,一.I：本月數，S：累計數。累計數為每月本月數累計相加。二.罰鍰係指本稅以外之短估金，滯;報金，滯納金及加計利息等之合計數。 三.1+2+4=5，6+7+8+9+10=11，A+B+C+D+E=F，5-11=G，3=全年各月份2之累計，F=全年各月份11之累計。,花蓮縣政府
地方稅務局滯納及違章罰鍰移送執行情形月報表,108年10月花蓮縣地方稅務局滯納及違章罰鍰移送執行情形月報表(本年度),129601,＊統計地區範圍及對象：凡逾滯納期未經徵起之欠稅費，經移送強制執行者均屬之。 ＊統計標準時間：本月資料以每月1日至月底，累計資料以每一會計年度起始日至當月底之事實為準。,一.I：本月數，S：累計數。累計數為每月本月數累計相加。二.罰鍰係指本稅以外之短估金，滯;報金，滯納金及加計利息等之合計數。 三.1+2+4=5，6+7+8+9+10=11，A+B+C+D+E=F，5-11=G，3=全年各月份2之累計，F=全年各月份11之累計。,花蓮縣政府
地方稅務局滯納及違章罰鍰移送執行情形月報表,108年11月花蓮縣地方稅務局滯納及違章罰鍰移送執行情形月報表(以前年度),129603,＊統計地區範圍及對象：凡逾滯納期未經徵起之欠稅費，經移送強制執行者均屬之。 ＊統計標準時間：本月資料以每月1日至月底，累計資料以每一會計年度起始日至當月底之事實為準。,一.I：本月數，S：累計數。累計數為每月本月數累計相加。二.罰鍰係指本稅以外之短估金，滯;報金，滯納金及加計利息等之合計數。 三.1+2+4=5，6+7+8+9+10=11，A+B+C+D+E=F，5-11=G，3=全年各月份2之累計，F=全年各月份11之累計。,花蓮縣政府
地方稅務局滯納及違章罰鍰移送執行情形月報表,108年11月花蓮縣地方稅務局滯納及違章罰鍰移送執行情形月報表(本年度),129604,＊統計地區範圍及對象：凡逾滯納期未經徵起之欠稅費，經移送強制執行者均屬之。 ＊統計標準時間：本月資料以每月1日至月底，累計資料以每一會計年度起始日至當月底之事實為準。,一.I：本月數，S：累計數。累計數為每月本月數累計相加。二.罰鍰係指本稅以外之短估金，滯;報金，滯納金及加計利息等之合計數。 三.1+2+4=5，6+7+8+9+10=11，A+B+C+D+E=F，5-11=G，3=全年各月份2之累計，F=全年各月份11之累計。,花蓮縣政府
地方稅務局滯納及違章罰鍰移送執行情形月報表,108年12月花蓮縣地方稅務局滯納及違章罰鍰移送執行情形月報表(以前年度),129605,＊統計地區範圍及對象：凡逾滯納期未經徵起之欠稅費，經移送強制執行者均屬之。 ＊統計標準時間：本月資料以每月1日至月底，累計資料以每一會計年度起始日至當月底之事實為準。,資源主要欄位說明 一.I：本月數，S：累計數。累計數為每月本月數累計相加。二.罰鍰係指本稅以外之短估金，滯;報金，滯納金及加計利息等之合計數。 三.1+2+4=5，6+7+8+9+10=11，A+B+C+D+E=F，5-11=G，3=全年各月份2之累計，F=全年各月份11之累計。,花蓮縣政府
地方稅務局滯納及違章罰鍰移送執行情形月報表,108年12月花蓮縣地方稅務局滯納及違章罰鍰移送執行情形月報表(本年度),129606,＊統計地區範圍及對象：凡逾滯納期未經徵起之欠稅費，經移送強制執行者均屬之。 ＊統計標準時間：本月資料以每月1日至月底，累計資料以每一會計年度起始日至當月底之事實為準。,資源主要欄位說明 一.I：本月數，S：累計數。累計數為每月本月數累計相加。二.罰鍰係指本稅以外之短估金，滯;報金，滯納金及加計利息等之合計數。 三.1+2+4=5，6+7+8+9+10=11，A+B+C+D+E=F，5-11=G，3=全年各月份2之累計，F=全年各月份11之累計。,花蓮縣政府
地方稅務局滯納及違章罰鍰移送執行情形月報表,109年01月花蓮縣地方稅務局滯納及違章罰鍰移送執行情形月報表(以前年度),129612,＊統計地區範圍及對象：凡逾滯納期未經徵起之欠稅費，經移送強制執行者均屬之。 ＊統計標準時間：本月資料以每月1日至月底，累計資料以每一會計年度起始日至當月底之事實為準。,一.I：本月數，S：累計數。累計數為每月本月數累計相加。二.罰鍰係指本稅以外之短估金，滯;報金，滯納金及加計利息等之合計數。 三.1+2+4=5，6+7+8+9+10=11，A+B+C+D+E=F，5-11=G，3=全年各月份2之累計，F=全年各月份11之累計。,花蓮縣政府
地方稅務局滯納及違章罰鍰移送執行情形月報表,109年01月花蓮縣地方稅務局滯納及違章罰鍰移送執行情形月報表(本年度),129613,＊統計地區範圍及對象：凡逾滯納期未經徵起之欠稅費，經移送強制執行者均屬之。 ＊統計標準時間：本月資料以每月1日至月底，累計資料以每一會計年度起始日至當月底之事實為準。,一.I：本月數，S：累計數。累計數為每月本月數累計相加。二.罰鍰係指本稅以外之短估金，滯;報金，滯納金及加計利息等之合計數。 三.1+2+4=5，6+7+8+9+10=11，A+B+C+D+E=F，5-11=G，3=全年各月份2之累計，F=全年各月份11之累計。,花蓮縣政府
地方稅務局滯納及違章罰鍰移送執行情形月報表,109年02月花蓮縣地方稅務局滯納及違章罰鍰移送執行情形月報表(以前年度),129614,＊統計地區範圍及對象：凡逾滯納期未經徵起之欠稅費，經移送強制執行者均屬之。 ＊統計標準時間：本月資料以每月1日至月底，累計資料以每一會計年度起始日至當月底之事實為準。,更新,花蓮縣政府
地方稅務局滯納及違章罰鍰移送執行情形月報表,109年02月花蓮縣地方稅務局滯納及違章罰鍰移送執行情形月報表(本年度),129615,＊統計地區範圍及對象：凡逾滯納期未經徵起之欠稅費，經移送強制執行者均屬之。 ＊統計標準時間：本月資料以每月1日至月底，累計資料以每一會計年度起始日至當月底之事實為準。,更新,花蓮縣政府
地方稅務局滯納及違章罰鍰移送執行情形月報表,109年03月花蓮縣地方稅務局滯納及違章罰鍰移送執行情形月報表(以前年度),129619,＊統計地區範圍及對象：凡逾滯納期未經徵起之欠稅費，經移送強制執行者均屬之。 ＊統計標準時間：本月資料以每月1日至月底，累計資料以每一會計年度起始日至當月底之事實為準。,一.I：本月數，S：累計數。累計數為每月本月數累計相加。二.罰鍰係指本稅以外之短估金，滯;報金，滯納金及加計利息等之合計數。 三.1+2+4=5，6+7+8+9+10=11，A+B+C+D+E=F，5-11=G，3=全年各月份2之累計，F=全年各月份11之累計。,花蓮縣政府
地方稅務局滯納及違章罰鍰移送執行情形月報表,109年03月花蓮縣地方稅務局滯納及違章罰鍰移送執行情形月報表(本年度),129620,＊統計地區範圍及對象：凡逾滯納期未經徵起之欠稅費，經移送強制執行者均屬之。 ＊統計標準時間：本月資料以每月1日至月底，累計資料以每一會計年度起始日至當月底之事實為準。,一.I：本月數，S：累計數。累計數為每月本月數累計相加。二.罰鍰係指本稅以外之短估金，滯;報金，滯納金及加計利息等之合計數。 三.1+2+4=5，6+7+8+9+10=11，A+B+C+D+E=F，5-11=G，3=全年各月份2之累計，F=全年各月份11之累計。,花蓮縣政府
地方稅務局滯納及違章罰鍰移送執行情形月報表,109年04月花蓮縣地方稅務局滯納及違章罰鍰移送執行情形月報表(以前年度),129624,＊統計地區範圍及對象：凡逾滯納期未經徵起之欠稅費，經移送強制執行者均屬之。 ＊統計標準時間：本月資料以每月1日至月底，累計資料以每一會計年度起始日至當月底之事實為準。,一.I：本月數，S：累計數。累計數為每月本月數累計相加。二.罰鍰係指本稅以外之短估金，滯;報金，滯納金及加計利息等之合計數。,花蓮縣政府
地方稅務局滯納及違章罰鍰移送執行情形月報表,109年04月花蓮縣地方稅務局滯納及違章罰鍰移送執行情形月報表(本年度),129625,＊統計地區範圍及對象：凡逾滯納期未經徵起之欠稅費，經移送強制執行者均屬之。 ＊統計標準時間：本月資料以每月1日至月底，累計資料以每一會計年度起始日至當月底之事實為準。,一.I：本月數，S：累計數。累計數為每月本月數累計相加。二.罰鍰係指本稅以外之短估金，滯;報金，滯納金及加計利息等之合計數。,花蓮縣政府
地方稅務局滯納及違章罰鍰移送執行情形月報表,109年05月花蓮縣地方稅務局滯納及違章罰鍰移送執行情形月報表(以前年度),129627,＊統計地區範圍及對象：凡逾滯納期未經徵起之欠稅費，經移送強制執行者均屬之。 ＊統計標準時間：本月資料以每月1日至月底，累計資料以每一會計年度起始日至當月底之事實為準。,本月數，S：累計數。累計數為每月本月數累計相加。二.罰鍰係指本稅以外之短估金，滯;報金，滯納金及加計利息等之合計數。 三.1+2+4=5，6+7+8+9+10=11，A+B+C+D+E=F，5-11=G，3=全年各月份2之累計，F=全年各月份11之累計。,花蓮縣政府
地方稅務局滯納及違章罰鍰移送執行情形月報表,109年05月花蓮縣地方稅務局滯納及違章罰鍰移送執行情形月報表(本年度),129628,＊統計地區範圍及對象：凡逾滯納期未經徵起之欠稅費，經移送強制執行者均屬之。 ＊統計標準時間：本月資料以每月1日至月底，累計資料以每一會計年度起始日至當月底之事實為準。,本月數，S：累計數。累計數為每月本月數累計相加。二.罰鍰係指本稅以外之短估金，滯;報金，滯納金及加計利息等之合計數。 三.1+2+4=5，6+7+8+9+10=11，A+B+C+D+E=F，5-11=G，3=全年各月份2之累計，F=全年各月份11之累計。,花蓮縣政府
地方稅務局滯納及違章罰鍰移送執行情形月報表,109年06月花蓮縣地方稅務局滯納及違章罰鍰移送執行情形月報表(本年度),129633,＊統計地區範圍及對象：凡逾滯納期未經徵起之欠稅費，經移送強制執行者均屬之。 ＊統計標準時間：本月資料以每月1日至月底，累計資料以每一會計年度起始日至當月底之事實為準。,一.I：本月數，S：累計數。累計數為每月本月數累計相加。二.罰鍰係指本稅以外之短估金，滯;報金，滯納金及加計利息等之合計數。 三.1+2+4=5，6+7+8+9+10=11，A+B+C+D+E=F，5-11=G，3=全年各月份2之累計，F=全年各月份11之累計。,花蓮縣政府
地方稅務局滯納及違章罰鍰移送執行情形月報表,109年06月花蓮縣地方稅務局滯納及違章罰鍰移送執行情形月報表(以前年度),129634,＊統計地區範圍及對象：凡逾滯納期未經徵起之欠稅費，經移送強制執行者均屬之。 ＊統計標準時間：本月資料以每月1日至月底，累計資料以每一會計年度起始日至當月底之事實為準。,一.I：本月數，S：累計數。累計數為每月本月數累計相加。二.罰鍰係指本稅以外之短估金，滯;報金，滯納金及加計利息等之合計數。 三.1+2+4=5，6+7+8+9+10=11，A+B+C+D+E=F，5-11=G，3=全年各月份2之累計，F=全年各月份11之累計。,花蓮縣政府
地方稅務局滯納及違章罰鍰移送執行情形月報表,109年07月花蓮縣地方稅務局滯納及違章罰鍰移送執行情形月報表(以前年度),129748,＊統計地區範圍及對象：凡逾滯納期未經徵起之欠稅費，經移送強制執行者均屬之。 ＊統計標準時間：本月資料以每月1日至月底，累計資料以每一會計年度起始日至當月底之事實為準。,資源主要欄位說明 一.I：本月數，S：累計數。累計數為每月本月數累計相加。二.罰鍰係指本稅以外之短估金，滯;報金，滯納金及加計利息等之合計數。 三.1+2+4=5，6+7+8+9+10=11，A+B+C+D+E=F，5-11=G，3=全年各月份2之累計，F=全年各月份11之累計。,花蓮縣政府
地方稅務局滯納及違章罰鍰移送執行情形月報表,109年07月花蓮縣地方稅務局滯納及違章罰鍰移送執行情形月報表(本年度),129749,＊統計地區範圍及對象：凡逾滯納期未經徵起之欠稅費，經移送強制執行者均屬之。 ＊統計標準時間：本月資料以每月1日至月底，累計資料以每一會計年度起始日至當月底之事實為準。,資源主要欄位說明 一.I：本月數，S：累計數。累計數為每月本月數累計相加。二.罰鍰係指本稅以外之短估金，滯;報金，滯納金及加計利息等之合計數。 三.1+2+4=5，6+7+8+9+10=11，A+B+C+D+E=F，5-11=G，3=全年各月份2之累計，F=全年各月份11之累計。,花蓮縣政府
地方稅務局滯納及違章罰鍰移送執行情形月報表,108年5月花蓮縣地方稅務局滯納及違章罰鍰移送執行情形月報表(本年度),130098,＊統計地區範圍及對象：凡逾滯納期未經徵起之欠稅費，經移送強制執行者均屬之。 ＊統計標準時間：本月資料以每月1日至月底，累計資料以每一會計年度起始日至當月底之事實為準。,資源主要欄位說明 一.I：本月數，S：累計數。累計數為每月本月數累計相加。二.罰鍰係指本稅以外之短估金，滯;報金，滯納金及加計利息等之合計數。,花蓮縣政府
地方稅務局滯納及違章罰鍰移送執行情形月報表-稅別,花蓮縣地方稅務局滯納及違章罰鍰移送執行情形月報表-稅別,110604,花蓮縣地方稅務局滯納及違章罰鍰移送執行情形月報表-稅別,詳如資料集內容,花蓮縣政府
地方稅務局違章漏稅案件處理及財務罰鍰執行情形,107年花蓮縣地方稅務局違章漏稅案件處理及財務罰鍰執行情形上半年報2-1,129561,違章漏稅案件處理及財務罰鍰執行情形,無,花蓮縣政府
地方稅務局違章漏稅案件處理及財務罰鍰執行情形,107年花蓮縣地方稅務局違章漏稅案件處理及財務罰鍰執行情形上半年報2-2,129562,違章漏稅案件處理及財務罰鍰執行情形,無,花蓮縣政府
地方稅務局違章漏稅案件處理及財務罰鍰執行情形,107年花蓮縣地方稅務局違章漏稅案件處理及財務罰鍰執行情形下半年報2-1,129563,違章漏稅案件處理及財務罰鍰執行情形,無,花蓮縣政府
地方稅務局違章漏稅案件處理及財務罰鍰執行情形,107年花蓮縣地方稅務局違章漏稅案件處理及財務罰鍰執行情形下半年報2-2,129564,違章漏稅案件處理及財務罰鍰執行情形,無,花蓮縣政府
地方稅務局違章漏稅案件處理及財務罰鍰執行情形,108年花蓮縣地方稅務局違章漏稅案件處理及財務罰鍰執行情形上半年報3-1,129584,108違章漏稅案件處理及財務罰鍰執行情形上半年報3-1,無,花蓮縣政府
地方稅務局違章漏稅案件處理及財務罰鍰執行情形,108年花蓮縣地方稅務局違章漏稅案件處理及財務罰鍰執行情形上半年報3-2,129586,108年違章漏稅案件處理及財務罰鍰執行情形上半年報3-2,無,花蓮縣政府
地方稅務局違章漏稅案件處理及財務罰鍰執行情形,108年花蓮縣地方稅務局違章漏稅案件處理及財務罰鍰執行情形上半年報3-3,129587,108年違章漏稅案件處理及財務罰鍰執行情形上半年報3-3,無,花蓮縣政府
地方稅務局違章漏稅案件處理及財務罰鍰執行情形,108年花蓮縣地方稅務局違章漏稅案件處理及財務罰鍰執行情形下半年報3-1,129616,違章漏稅案件處理及財務罰鍰執行情形,違章漏稅案件處理及財務罰鍰執行情形,花蓮縣政府
地方稅務局違章漏稅案件處理及財務罰鍰執行情形,108年花蓮縣地方稅務局違章漏稅案件處理及財務罰鍰執行情形下半年報3-2,129617,108年違章漏稅案件處理及財務罰鍰執行情形下半年報,違章漏稅案件處理及財務罰鍰,花蓮縣政府
地方稅務局違章漏稅案件處理及財務罰鍰執行情形,108年花蓮縣地方稅務局違章漏稅案件處理及財務罰鍰執行情形下半年報3-3,129618,108年違章漏稅案件處理及財務罰鍰執行情形下半年報,違章漏稅案件處理及財務罰鍰執行情形,花蓮縣政府
地方稅務局違章漏稅案件處理及財務罰鍰執行情形,109年花蓮縣地方稅務局違章漏稅案件處理及財務罰鍰執行情形上半年報3-1,130164,違章漏稅處理及財務罰鍰執行情形,無,花蓮縣政府
地方稅務局違章漏稅案件處理及財務罰鍰執行情形,109年花蓮縣地方稅務局違章漏稅案件處理及財務罰鍰執行情形上半年報3-2,130165,違章漏稅案件處理及財務罰鍰執行情形,無,花蓮縣政府
地方稅務局違章漏稅案件處理及財務罰鍰執行情形,109年花蓮縣地方稅務局違章漏稅案件處理及財務罰鍰執行情形上半年報3-3,130166,違章漏稅案件處理及財務罰鍰執行情形,無,花蓮縣政府
地方稅多元繳稅管道比較表(截至),花蓮縣地方稅多元繳稅管道比較表(截至108年6月),110472,花蓮縣地方稅多元繳稅管道比較表(截至108年6月),詳如資料集內容,花蓮縣政府
多元繳稅方式件數統計表,花蓮縣多元繳稅方式件數統計表(101-105年),129554,花蓮縣多元繳稅方式統計(101-105年),繳稅方式年度;金融機構繳稅;便利超商繳稅;自動櫃員機轉帳繳稅;長期約定轉帳繳稅;信用卡繳稅;電話語音轉帳繳稅;晶片金融卡網際網路轉帳繳稅;合計,花蓮縣政府
多元繳稅方式件數統計表(最新),花蓮縣多元繳稅方式件數統計表(最新),110602,花蓮縣多元繳稅方式件數統計表(最新),詳如資料集內容,花蓮縣政府
多元繳稅方式統計表,花蓮縣多元繳稅方式統計表(104-108年),114879,花蓮縣多元繳稅方式統計,花蓮縣多元繳稅方式統計,花蓮縣政府
失智共照據點,花蓮縣失智共照據點,110631,花蓮縣失智共照據點,詳如資料集內容,花蓮縣衛生局
失智症服務及資源提供單位,失智症服務及資源提供單位,110783,失智症服務及資源提供單位,詳如資料集內容,社會處
契稅查定,花蓮縣108年第1季契稅查定,110573,花蓮縣108年第1季契稅查定,詳如資料集內容,花蓮縣政府
契稅查定,花蓮縣108年第2季契稅查定,110574,花蓮縣108年第2季契稅查定,詳如資料集內容,花蓮縣政府
契稅查定,010301-花蓮縣108年第1季契稅查定,129590,010301-花蓮縣108年第1季契稅查定,本季查定應稅件數，本季查定應稅契價，本季查定應稅本稅，累計查定應稅件數，累計查定應稅契價，<br>累計查定應稅本稅,花蓮縣政府
契稅查定,010301-花蓮縣108年第2季契稅查定,129591,010301-花蓮縣108年第2季契稅查定,本季查定應稅件數，本季查定應稅契價，本季查定應稅本稅，累計查定應稅件數，累計查定應稅契價，<br>累計查定應稅本稅,花蓮縣政府
契稅查定,010301-花蓮縣108年第4季契稅查定,129751,010301-花蓮縣108年第4季契稅查定,本季查定應稅件數，本季查定應稅契價，本季查定應稅本稅，累計查定應稅件數，累計查定應稅契價，累計查定應稅本稅,花蓮縣政府
契稅查定,010301-花蓮縣109年第1季契稅查定,129754,010301-花蓮縣109年第1季契稅查定,本季查定應稅件數，本季查定應稅契價，本季查定應稅本稅，累計查定應稅件數，累計查定應稅契價，累計查定應稅本稅,花蓮縣政府
契稅查定,010301-花蓮縣109年第2季契稅查定,129756,010301-花蓮縣109年第2季契稅查定,本季查定應稅件數，本季查定應稅契價，本季查定應稅本稅，累計查定應稅件數，累計查定應稅契價，累計查定應稅本稅,花蓮縣政府
娛樂稅稅源,107年12月花蓮縣娛樂稅稅源-1,110517,107年12月花蓮縣娛樂稅稅源-1,詳如資料集內容,花蓮縣政府
娛樂稅稅源,107年12月花蓮縣娛樂稅稅源-2,110518,107年12月花蓮縣娛樂稅稅源-2,詳如資料集內容,花蓮縣政府
娛樂稅稅源,107年1月花蓮縣娛樂稅稅源-1,110519,107年1月花蓮縣娛樂稅稅源-1,詳如資料集內容,花蓮縣政府
娛樂稅稅源,107年1月花蓮縣娛樂稅稅源-2,110520,107年1月花蓮縣娛樂稅稅源-2,詳如資料集內容,花蓮縣政府
娛樂稅稅源,107年2月花蓮縣娛樂稅稅源-1,110521,107年2月花蓮縣娛樂稅稅源-1,詳如資料集內容,花蓮縣政府
娛樂稅稅源,107年2月花蓮縣娛樂稅稅源-2,110522,107年2月花蓮縣娛樂稅稅源-2,詳如資料集內容,花蓮縣政府
娛樂稅稅源,107年3月花蓮縣娛樂稅稅源-1,110523,107年3月花蓮縣娛樂稅稅源-1,詳如資料集內容,花蓮縣政府
娛樂稅稅源,107年3月花蓮縣娛樂稅稅源-2,110524,107年3月花蓮縣娛樂稅稅源-2,詳如資料集內容,花蓮縣政府
娛樂稅稅源,107年4月花蓮縣娛樂稅稅源-1,110525,107年4月花蓮縣娛樂稅稅源-1,詳如資料集內容,花蓮縣政府
娛樂稅稅源,107年4月花蓮縣娛樂稅稅源-2,110526,107年4月花蓮縣娛樂稅稅源-2,詳如資料集內容,花蓮縣政府
娛樂稅稅源,107年5月花蓮縣娛樂稅稅源-1,110527,107年5月花蓮縣娛樂稅稅源-1,詳如資料集內容,花蓮縣政府
娛樂稅稅源,107年5月花蓮縣娛樂稅稅源-2,110528,107年5月花蓮縣娛樂稅稅源-2,詳如資料集內容,花蓮縣政府
娛樂稅稅源,107年6月花蓮縣娛樂稅稅源-1,110529,107年6月花蓮縣娛樂稅稅源-1,詳如資料集內容,花蓮縣政府
娛樂稅稅源,107年6月花蓮縣娛樂稅稅源-2,110530,107年6月花蓮縣娛樂稅稅源-2,詳如資料集內容,花蓮縣政府
娛樂稅稅源,107年7月花蓮縣娛樂稅稅源-1,110531,107年7月花蓮縣娛樂稅稅源-1,詳如資料集內容,花蓮縣政府
娛樂稅稅源,107年7月花蓮縣娛樂稅稅源-2,110532,107年7月花蓮縣娛樂稅稅源-2,詳如資料集內容,花蓮縣政府
娛樂稅稅源,107年8月花蓮縣娛樂稅稅源-1,110533,107年8月花蓮縣娛樂稅稅源-1,詳如資料集內容,花蓮縣政府
娛樂稅稅源,107年8月花蓮縣娛樂稅稅源-2,110534,107年8月花蓮縣娛樂稅稅源-2,詳如資料集內容,花蓮縣政府
娛樂稅稅源,107年9月花蓮縣娛樂稅稅源-1,110535,107年9月花蓮縣娛樂稅稅源-1,詳如資料集內容,花蓮縣政府
娛樂稅稅源,107年9月花蓮縣娛樂稅稅源-2,110536,107年9月花蓮縣娛樂稅稅源-2,詳如資料集內容,花蓮縣政府
娛樂稅稅源,107年10月花蓮縣娛樂稅稅源-1,110537,107年10月花蓮縣娛樂稅稅源-1,詳如資料集內容,花蓮縣政府
娛樂稅稅源,107年10月花蓮縣娛樂稅稅源-2,110538,107年10月花蓮縣娛樂稅稅源-2,詳如資料集內容,花蓮縣政府
娛樂稅稅源,107年11月花蓮縣娛樂稅稅源-1,110539,107年11月花蓮縣娛樂稅稅源-1,詳如資料集內容,花蓮縣政府
娛樂稅稅源,107年11月花蓮縣娛樂稅稅源-2,110540,107年11月花蓮縣娛樂稅稅源-2,詳如資料集內容,花蓮縣政府
娛樂稅稅源,108年1月花蓮縣娛樂稅稅源-1,110561,108年1月花蓮縣娛樂稅稅源-1,詳如資料集內容,花蓮縣政府
娛樂稅稅源,108年1月花蓮縣娛樂稅稅源-2,110562,108年1月花蓮縣娛樂稅稅源-2,詳如資料集內容,花蓮縣政府
娛樂稅稅源,108年2月花蓮縣娛樂稅稅源-1,110563,108年2月花蓮縣娛樂稅稅源-1,詳如資料集內容,花蓮縣政府
娛樂稅稅源,108年2月花蓮縣娛樂稅稅源-2,110564,108年2月花蓮縣娛樂稅稅源-2,詳如資料集內容,花蓮縣政府
娛樂稅稅源,108年3月花蓮縣娛樂稅稅源-1,110565,108年3月花蓮縣娛樂稅稅源-1,詳如資料集內容,花蓮縣政府
娛樂稅稅源,108年3月花蓮縣娛樂稅稅源-2,110566,108年3月花蓮縣娛樂稅稅源-2,詳如資料集內容,花蓮縣政府
娛樂稅稅源,108年4月花蓮縣娛樂稅稅源-1,110567,108年4月花蓮縣娛樂稅稅源-1,詳如資料集內容,花蓮縣政府
娛樂稅稅源,108年4月花蓮縣娛樂稅稅源-2,110568,108年4月花蓮縣娛樂稅稅源-2,詳如資料集內容,花蓮縣政府
娛樂稅稅源,108年5月花蓮縣娛樂稅稅源-1,110569,108年5月花蓮縣娛樂稅稅源-1,詳如資料集內容,花蓮縣政府
娛樂稅稅源,108年5月花蓮縣娛樂稅稅源-2,110570,108年5月花蓮縣娛樂稅稅源-2,詳如資料集內容,花蓮縣政府
娛樂稅稅源,108年6月花蓮縣娛樂稅稅源-1,110571,108年6月花蓮縣娛樂稅稅源-1,詳如資料集內容,花蓮縣政府
娛樂稅稅源,108年6月花蓮縣娛樂稅稅源-2,110572,108年6月花蓮縣娛樂稅稅源-2,詳如資料集內容,花蓮縣政府
娛樂稅稅源,010303-107年12月花蓮縣娛樂稅稅源-1,129567,010303-107年12月花蓮縣娛樂稅稅源-1,"申報家;數, 查定家;數,申報營業總額,查定營業總額",花蓮縣政府
娛樂稅稅源,010303-108年1月花蓮縣娛樂稅稅源-1,129684,010303-108年1月花蓮縣娛樂稅稅源-1,"申報家;數, 查定家;數,申報營業總額,查定營業總額",花蓮縣政府
娛樂稅稅源,010303-108年1月花蓮縣娛樂稅稅源-2,129685,010303-108年1月花蓮縣娛樂稅稅源-2,"申報家;數, 查定家;數,申報營業總額,查定營業總額",花蓮縣政府
娛樂稅稅源,010303-108年2月花蓮縣娛樂稅稅源-2,129686,010303-108年2月花蓮縣娛樂稅稅源-2,"申報家;數, 查定家;數,申報營業總額,查定營業總額",花蓮縣政府
娛樂稅稅源,010303-108年3月花蓮縣娛樂稅稅源-1,129687,010303-108年3月花蓮縣娛樂稅稅源-1,"申報家;數, 查定家;數,申報營業總額,查定營業總額",花蓮縣政府
娛樂稅稅源,010303-108年3月花蓮縣娛樂稅稅源-2,129688,010303-108年3月花蓮縣娛樂稅稅源-2,"申報家;數, 查定家;數,申報營業總額,查定營業總額",花蓮縣政府
娛樂稅稅源,010303-108年2月花蓮縣娛樂稅稅源-1,129689,010303-108年2月花蓮縣娛樂稅稅源-1,"申報家;數, 查定家;數,申報營業總額,查定營業總額",花蓮縣政府
娛樂稅稅源,010303-108年4月花蓮縣娛樂稅稅源-1,129690,010303-108年4月花蓮縣娛樂稅稅源-1,"申報家;數, 查定家;數,申報營業總額,查定營業總額",花蓮縣政府
娛樂稅稅源,010303-108年4月花蓮縣娛樂稅稅源-2,129691,010303-108年4月花蓮縣娛樂稅稅源-2,"申報家;數, 查定家;數,申報營業總額,查定營業總額",花蓮縣政府
娛樂稅稅源,010303-107年12月花蓮縣娛樂稅稅源-2,129692,010303-107年12月花蓮縣娛樂稅稅源-2,"申報家;數, 查定家;數,申報營業總額,查定營業總額",花蓮縣政府
娛樂稅稅源,010303-108年5月花蓮縣娛樂稅稅源-1,129693,010303-108年5月花蓮縣娛樂稅稅源-1,"申報家;數, 查定家;數,申報營業總額,查定營業總額",花蓮縣政府
娛樂稅稅源,010303-108年5月花蓮縣娛樂稅稅源-2,129694,010303-108年5月花蓮縣娛樂稅稅源-2,"申報家;數, 查定家;數,申報營業總額,查定營業總額",花蓮縣政府
娛樂稅稅源,010303-108年6月花蓮縣娛樂稅稅源-1,129695,010303-108年6月花蓮縣娛樂稅稅源-1,"申報家;數, 查定家;數,申報營業總額,查定營業總額",花蓮縣政府
娛樂稅稅源,010303-108年6月花蓮縣娛樂稅稅源-2,129696,010303-108年6月花蓮縣娛樂稅稅源-2,"申報家;數, 查定家;數,申報營業總額,查定營業總額",花蓮縣政府
娛樂稅稅源,010303-108年7月花蓮縣娛樂稅稅源-2,129699,010303-108年7月花蓮縣娛樂稅稅源-2,"申報家;數, 查定家;數,申報營業總額,查定營業總額",花蓮縣政府
娛樂稅稅源,010303-108年8月花蓮縣娛樂稅稅源-1,129700,010303-108年8月花蓮縣娛樂稅稅源-1,"申報家;數, 查定家;數,申報營業總額,查定營業總額",花蓮縣政府
娛樂稅稅源,010303-108年8月花蓮縣娛樂稅稅源-2,129701,010303-108年8月花蓮縣娛樂稅稅源-2,"申報家;數, 查定家;數,申報營業總額,查定營業總額",花蓮縣政府
娛樂稅稅源,010303-108年9月花蓮縣娛樂稅稅源-1,129702,010303-108年9月花蓮縣娛樂稅稅源-1,"申報家;數, 查定家;數,申報營業總額,查定營業總額",花蓮縣政府
娛樂稅稅源,010303-108年9月花蓮縣娛樂稅稅源-2,129703,010303-108年9月花蓮縣娛樂稅稅源-2,"申報家;數, 查定家;數,申報營業總額,查定營業總額",花蓮縣政府
娛樂稅稅源,010303-108年10月花蓮縣娛樂稅稅源-1,129704,010303-108年10月花蓮縣娛樂稅稅源-1,"申報家;數, 查定家;數,申報營業總額,查定營業總額",花蓮縣政府
娛樂稅稅源,010303-108年10月花蓮縣娛樂稅稅源-2,129705,010303-108年10月花蓮縣娛樂稅稅源-2,"申報家;數, 查定家;數,申報營業總額,查定營業總額",花蓮縣政府
娛樂稅稅源,010303-108年11月花蓮縣娛樂稅稅源-1,129706,010303-108年11月花蓮縣娛樂稅稅源-1,"申報家;數, 查定家;數,申報營業總額,查定營業總額",花蓮縣政府
娛樂稅稅源,010303-108年11月花蓮縣娛樂稅稅源-2,129707,010303-108年11月花蓮縣娛樂稅稅源-2,"申報家;數, 查定家;數,申報營業總額,查定營業總額",花蓮縣政府
娛樂稅稅源,010303-108年12月花蓮縣娛樂稅稅源-1,129708,010303-108年12月花蓮縣娛樂稅稅源-1,"申報家;數, 查定家;數,申報營業總額,查定營業總額",花蓮縣政府
娛樂稅稅源,010303-108年12月花蓮縣娛樂稅稅源-2,129709,010303-108年12月花蓮縣娛樂稅稅源-2,"申報家;數, 查定家;數,申報營業總額,查定營業總額",花蓮縣政府
娛樂稅稅源,010303-109年1月花蓮縣娛樂稅稅源-1,129710,010303-109年1月花蓮縣娛樂稅稅源-1,"申報家;數, 查定家;數,申報營業總額,查定營業總額",花蓮縣政府
娛樂稅稅源,010303-109年2月花蓮縣娛樂稅稅源-1,129712,010303-109年2月花蓮縣娛樂稅稅源-1,"申報家;數, 查定家;數,申報營業總額,查定營業總額",花蓮縣政府
娛樂稅稅源,010303-109年2月花蓮縣娛樂稅稅源-2,129713,010303-109年2月花蓮縣娛樂稅稅源-2,"申報家;數, 查定家;數,申報營業總額,查定營業總額",花蓮縣政府
娛樂稅稅源,010303-109年3月花蓮縣娛樂稅稅源-1,129714,010303-109年3月花蓮縣娛樂稅稅源-1,"申報家;數, 查定家;數,申報營業總額,查定營業總額",花蓮縣政府
娛樂稅稅源,010303-109年3月花蓮縣娛樂稅稅源-2,129715,010303-109年3月花蓮縣娛樂稅稅源-2,"申報家;數, 查定家;數,申報營業總額,查定營業總額",花蓮縣政府
娛樂稅稅源,010303-109年4月花蓮縣娛樂稅稅源-1,129716,010303-109年4月花蓮縣娛樂稅稅源-1,"申報家;數, 查定家;數,申報營業總額,查定營業總額",花蓮縣政府
娛樂稅稅源,010303-109年4月花蓮縣娛樂稅稅源-2,129717,010303-109年4月花蓮縣娛樂稅稅源-2,"申報家;數, 查定家;數,申報營業總額,查定營業總額",花蓮縣政府
娛樂稅稅源,010303-109年5月花蓮縣娛樂稅稅源-1,129719,010303-109年5月花蓮縣娛樂稅稅源-1,"申報家;數, 查定家;數,申報營業總額,查定營業總額",花蓮縣政府
娛樂稅稅源,010303-109年5月花蓮縣娛樂稅稅源-2,129720,010303-109年5月花蓮縣娛樂稅稅源-2,"申報家;數, 查定家;數,申報營業總額,查定營業總額",花蓮縣政府
娛樂稅稅源,010303-109年6月花蓮縣娛樂稅稅源-1,129721,010303-109年6月花蓮縣娛樂稅稅源-1,"申報家;數, 查定家;數,申報營業總額,查定營業總額",花蓮縣政府
娛樂稅稅源,010303-109年6月花蓮縣娛樂稅稅源-2,129723,010303-109年6月花蓮縣娛樂稅稅源-2,"申報家;數, 查定家;數,申報營業總額,查定營業總額",花蓮縣政府
娛樂稅稅源,010303-108年7月花蓮縣娛樂稅稅源-1,130132,010303-108年7月花蓮縣娛樂稅稅源-1,"申報家;數, 查定家;數,申報營業總額,查定營業總額",花蓮縣政府
娛樂稅稅源,010303-109年1月花蓮縣娛樂稅稅源-2,130133,010303-109年1月花蓮縣娛樂稅稅源-2,"申報家;數, 查定家;數,申報營業總額,查定營業總額",花蓮縣政府
婦女子宮頸抹片檢查醫事機構,花蓮縣婦女子宮頸抹片檢查醫事機構,110684,花蓮縣婦女子宮頸抹片檢查醫事機構,詳如資料集內容,花蓮縣衛生局
婦女福利服務中心,婦女福利服務中心,110743,婦女福利服務中心,詳如資料集內容,社會處
孕婦乙型鏈球菌篩檢補助服務特約院所表,花蓮縣孕婦乙型鏈球菌篩檢補助服務特約院所表,110672,花蓮縣孕婦乙型鏈球菌篩檢補助服務特約院所表,詳如資料集內容,花蓮縣衛生局
守護家庭小衛星-培植家庭支持服務資源網絡計畫(服務據點),守護家庭小衛星-培植家庭支持服務資源網絡計畫(服務據點),111435,守護家庭小衛星-培植家庭支持服務資源網絡計畫(服務據點),詳如資料集內容,社會處
定量免疫法糞便潛血檢查醫事機構,花蓮縣定量免疫法糞便潛血檢查醫事機構,110681,花蓮縣定量免疫法糞便潛血檢查醫事機構,詳如資料集內容,花蓮縣衛生局
家庭/社會福利服務中心,家庭/社會福利服務中心,111416,家庭/社會福利服務中心,詳如資料集內容,社會處
家庭/社會福利服務中心,家庭/社會福利服務中心,114861,108年度花蓮縣社福相關資料,,花蓮縣政府
家庭暴力及性侵害防治中心,家庭暴力及性侵害防治中心,110746,家庭暴力及性侵害防治中心,詳如資料集內容,社會處
富里鄉人口統計資料,花蓮縣富里鄉人口統計資料,110621,花蓮縣富里鄉人口統計資料,詳如資料集內容,花蓮縣政府
富里鄉戶政管理及便民服務案件統計表,花蓮縣富里鄉戶政管理及便民服務案件統計表,110623,花蓮縣富里鄉戶政管理及便民服務案件統計表,詳如資料集內容,花蓮縣政府
富里鄉戶籍登記(註記)案件及核發證明文件月統表,花蓮縣富里鄉戶籍登記(註記)案件及核發證明文件月統表,110622,花蓮縣富里鄉戶籍登記(註記)案件及核發證明文件月統表,詳如資料集內容,花蓮縣政府
實(食)物銀行,實(食)物銀行,111418,實(食)物銀行,詳如資料集內容,社會處
對民間團體補(捐)助經費明細表,花蓮縣政府對民間團體補(捐)助經費明細表,110598,花蓮縣政府對民間團體補(捐)助經費明細表,詳如資料集內容,主計處
就業服務據點,就業服務據點,110779,就業服務據點,詳如資料集內容,社會處
居家復健提供單位,居家復健提供單位,110773,居家復健提供單位,詳如資料集內容,社會處
居家托育服務單位,居家托育服務單位,110751,居家托育服務單位,詳如資料集內容,社會處
居家護理機構,居家護理機構,110776,居家護理機構,詳如資料集內容,社會處
居家護理機構名冊,花蓮縣居家護理機構名冊,110646,花蓮縣居家護理機構名冊,詳如資料集內容,花蓮縣衛生局
居家護理機構評鑑成績總覽,花蓮縣居家護理機構評鑑成績總覽,110647,花蓮縣居家護理機構評鑑成績總覽,詳如資料集內容,花蓮縣衛生局
山地鄉結核病新案發生情形統計,花蓮縣山地鄉結核病新案發生情形統計,110635,花蓮縣山地鄉結核病新案發生情形統計,詳如資料集內容,花蓮縣衛生局
工商團體,工商團體,110858,工商團體,詳如資料集內容,社會處
幼兒常規疫苗接種合約院所,花蓮縣幼兒常規疫苗接種合約院所,110643,花蓮縣幼兒常規疫苗接種合約院所,詳如資料集內容,花蓮縣衛生局
弱勢家庭兒童及少年社區照顧服務(服務據點),弱勢家庭兒童及少年社區照顧服務(服務據點),111432,弱勢家庭兒童及少年社區照顧服務(服務據點),詳如資料集內容,社會處
復康巴士服務單位,復康巴士服務單位,110805,復康巴士服務單位,詳如資料集內容,社會處
心理健康小站,花蓮縣心理健康小站,110639,花蓮縣心理健康小站,詳如資料集內容,花蓮縣衛生局
心理健康相關網站,花蓮縣心理健康相關網站,110641,花蓮縣心理健康相關網站,詳如資料集內容,花蓮縣衛生局
志願服務推廣中心/志願服務協會,志願服務推廣中心/志願服務協會,111430,志願服務推廣中心/志願服務協會,詳如資料集內容,社會處
急難救助提供單位,急難救助提供單位,110760,急難救助提供單位,詳如資料集內容,社會處
愛心待用店,愛心待用店,110775,愛心待用店,詳如資料集內容,社會處
愛滋病匿名篩檢諮詢服務機構,花蓮縣愛滋病匿名篩檢諮詢服務機構,110658,花蓮縣愛滋病匿名篩檢諮詢服務機構,詳如資料集內容,花蓮縣衛生局
應回收廢棄物回收處理業者名冊,花蓮縣應回收廢棄物回收處理業者名冊,110591,花蓮縣應回收廢棄物回收處理業者名冊,詳如資料集內容,花蓮縣政府
成人預防保健與整合式健康篩檢醫事機構,花蓮縣成人預防保健與整合式健康篩檢醫事機構,110688,花蓮縣成人預防保健與整合式健康篩檢醫事機構,詳如資料集內容,花蓮縣衛生局
戒菸服務合約醫事機構名單,花蓮縣戒菸服務合約醫事機構名單,110607,花蓮縣戒菸服務合約醫事機構名單,詳如資料集內容,花蓮縣衛生局
戒菸服務機構,花蓮縣戒菸服務機構,110677,花蓮縣戒菸服務機構,詳如資料集內容,花蓮縣衛生局
房地交易課稅情形季報表,花蓮縣108年第1季房地交易課稅情形季報表,114884,花蓮縣108年第1季房地交易課稅情形季報表,花蓮縣108年第1季房地交易課稅情形季報表,花蓮縣政府
房地交易課稅情形季報表,花蓮縣108年第2季房地交易課稅情形季報表,114885,花蓮縣108年第2季房地交易課稅情形季報表,花蓮縣108年第2季房地交易課稅情形季報表,花蓮縣政府
房地交易課稅情形季報表,花蓮縣108年第3季房地交易課稅情形季報表,114886,花蓮縣108年第3季房地交易課稅情形季報表,花蓮縣108年第3季房地交易課稅情形季報表,花蓮縣政府
房地交易課稅情形季報表,花蓮縣108年第4季房地交易課稅情形季報表,114890,花蓮縣108年第4季房地交易課稅情形季報表,花蓮縣108年第4季房地交易課稅情形季報表,花蓮縣政府
房地交易課稅情形季報表,花蓮縣109年第1季房地交易課稅情形季報表,120866,花蓮縣109年第1季房地交易課稅情形季報表,花蓮縣109年第1季房地交易課稅情形季報表,花蓮縣政府
房地交易課稅情形季報表,花蓮縣109年第2季房地交易課稅情形季報表,129636,花蓮縣109年第2季房地交易課稅情形季報表,花蓮縣109年第2季房地交易課稅情形季報表,花蓮縣政府
房屋標準單價表,花蓮縣房屋標準單價表,116007,花蓮縣房屋標準單價表(105年7月起適用),,花蓮縣政府
房屋標準單價表(起適用),花蓮縣房屋標準單價表(108年7月1日起適用),116009,花蓮縣房屋標準單價表(108年7月1日起適用),,花蓮縣政府
房屋稅徵績-徵期結束,107年度花蓮縣房屋稅徵績-徵期結束,110544,107年度花蓮縣房屋稅徵績-徵期結束,詳如資料集內容,花蓮縣政府
房屋稅徵績-徵期結束,花蓮縣108年房屋稅徵績-徵期結束,110558,花蓮縣108年房屋稅徵績-徵期結束,詳如資料集內容,花蓮縣政府
房屋稅徵績-徵期結束,010202花蓮縣107年度房屋稅徵績-徵期結束,129570,107年花蓮縣房屋稅徵績-徵期結束,107年度花蓮縣房屋稅徵績-徵期結束,花蓮縣政府
房屋稅徵績-徵期結束,010202花蓮縣108年度房屋稅徵績-徵期結束,129580,花蓮縣108年房屋稅徵績-徵期結束,"查定數戶;數,查定數本稅,徵起數戶徵起數;數,本稅,徵績;戶;數,徵績;本稅",花蓮縣政府
房屋稅徵績-徵期結束,010202花蓮縣109年房屋稅徵績-徵期結束,129638,花蓮縣109年房屋稅徵績-徵期結束,花蓮縣109年房屋稅徵績-徵期結束,花蓮縣政府
房屋稅徵績-滯納期滿,花蓮縣房屋稅徵績-滯納期滿,110512,花蓮縣房屋稅徵績-滯納期滿,詳如資料集內容,花蓮縣政府
房屋稅徵績-滯納期滿,107年度花蓮縣房屋稅徵績-滯納期滿,114855,花蓮縣房屋稅徵績-滯納期滿,107年花蓮縣房屋稅徵績,花蓮縣政府
房屋稅徵績-滯納期滿,花蓮縣108年房屋稅徵績-滯納期滿,114860,花蓮縣108年房屋稅徵績-滯納期滿,"縣市別 ,查定數戶;數,查定數本稅,徵起數戶;數,徵起數本稅,徵績;戶;數,徵績;本稅",花蓮縣政府
房屋稅徵績-滯納期滿,010202花蓮縣107年度房屋稅徵績-滯納期滿,129565,花蓮縣房屋稅徵績-滯納期滿,107年花蓮縣房屋稅徵績,花蓮縣政府
房屋稅徵績-滯納期滿,010202花蓮縣108年度房屋稅徵績-滯納期滿,129583,花蓮縣108年房屋稅徵績-滯納期滿,"縣市別 ,查定數戶;數,查定數本稅,徵起數戶;數,徵起數本稅,徵績;戶;數,徵績;本稅",花蓮縣政府
房屋稅徵績-滯納期滿,010202花蓮縣109年度房屋稅徵績-滯納期滿,129645,010202花蓮縣109年度房屋稅徵績-滯納期滿,010202花蓮縣109年度房屋稅徵績-滯納期滿,花蓮縣政府
房屋稅查定,花蓮縣房屋稅查定,110516,花蓮縣房屋稅查定,詳如資料集內容,花蓮縣政府
房屋稅查定,花蓮縣108年房屋稅查定,110550,花蓮縣108年房屋稅查定,詳如資料集內容,花蓮縣政府
房屋稅查定,010201花蓮縣107年度房屋稅查定,129566,花蓮縣房屋稅查定,花蓮縣房屋稅查定,花蓮縣政府
房屋稅查定,010201花蓮縣108年房屋稅查定,129577,108年房屋稅查定,花蓮縣108年房屋稅查定,花蓮縣政府
房屋稅查定,010201花蓮縣109年房屋稅查定,129637,花蓮縣109年房屋稅查定,花蓮縣109年房屋稅查定,花蓮縣政府
房屋稅籍,花蓮縣房屋稅籍(續1),110513,花蓮縣房屋稅籍(續1),詳如資料集內容,花蓮縣政府
房屋稅籍,花蓮縣房屋稅籍(續2),110514,花蓮縣房屋稅籍(續2),詳如資料集內容,花蓮縣政府
房屋稅籍,花蓮縣房屋稅籍,110515,花蓮縣房屋稅籍,詳如資料集內容,花蓮縣政府
房屋稅籍,010203花蓮縣109年度房屋稅籍(續1),129644,花蓮縣109年度房屋稅籍,花蓮縣109年度房屋稅籍,花蓮縣政府
房屋稅綜合統計表,花蓮縣103年-107年房屋稅綜合統計表,114857,花蓮縣最近5年房屋稅綜合統計表,花蓮縣103年-107年房屋稅綜合統計表,花蓮縣政府
抗病毒藥劑醫療院所名單,花蓮縣抗病毒藥劑醫療院所名單,110629,花蓮縣抗病毒藥劑醫療院所名單,詳如資料集內容,花蓮縣衛生局
拒毒標章商家名冊,花蓮縣拒毒標章商家名冊,110682,花蓮縣拒毒標章商家名冊,詳如資料集內容,花蓮縣衛生局
提供符合接觸者條件結核菌素測驗與免費服務單位,花蓮縣提供符合接觸者條件結核菌素測驗與免費服務單位,110653,花蓮縣提供符合接觸者條件結核菌素測驗與免費服務單位,詳如資料集內容,花蓮縣衛生局
政風機關(構)受理公職人員財產申報人數及抽籤比例統計表,106年度政風機關(構)受理公職人員財產申報人數及抽籤比例統計表,110437,106年度政風機關(構)受理公職人員財產申報人數及抽籤比例統計表,詳如資料集內容,政風處
政風處暨所屬政風單位聯絡電話,花蓮縣政府政風處暨所屬政風單位聯絡電話,110435,花蓮縣政府政風處暨所屬政風單位聯絡電話,詳如資料集內容,政風處
政風處檢舉管道,花蓮縣政府政風處檢舉管道,110436,花蓮縣政府政風處檢舉管道,詳如資料集內容,政風處
救護車設置分布圖,花蓮縣救護車設置分布圖,110650,花蓮縣救護車設置分布圖,詳如資料集內容,花蓮縣衛生局
新住民家庭服務中心,新住民家庭服務中心,110750,新住民家庭服務中心,詳如資料集內容,社會處
新住民未納保產前檢查醫療機構,花蓮縣新住民未納保產前檢查醫療機構,110691,花蓮縣新住民未納保產前檢查醫療機構,詳如資料集內容,花蓮縣衛生局
新住民社區服務據點,新住民社區服務據點,110849,新住民社區服務據點,詳如資料集內容,社會處
新版國發會測試資料集,花蓮縣政府新版國發會測試資料集20191021001,109480,測試資料集資料集描述，集中列示於政府資料開放平臺資料集之詮釋資料式、資 料集提供機關聯絡人、資料集提供機關聯絡人電話、備註等,name;population,花蓮縣政府
新生兒聽力篩檢補助方案之特約醫療院所,花蓮縣新生兒聽力篩檢補助方案之特約醫療院所,110690,花蓮縣新生兒聽力篩檢補助方案之特約醫療院所,詳如資料集內容,花蓮縣衛生局
日間照顧中心,日間照顧中心,110745,日間照顧中心,詳如資料集內容,社會處
早期療育服務個案管理中心,早期療育服務個案管理中心,110736,早期療育服務個案管理中心,詳如資料集內容,社會處
早期療育服務通報轉介中心,早期療育服務通報轉介中心,110723,早期療育服務通報轉介中心,詳如資料集內容,社會處
暨各鄉鎮公所役政單位聯絡一覽表,花蓮縣政府暨各鄉鎮公所役政單位聯絡一覽表,110427,花蓮縣政府暨各鄉鎮公所役政單位聯絡一覽表,詳如資料集內容,民政處
暨相關機關名錄,花蓮縣政府暨相關機關名錄,110592,花蓮縣政府暨相關機關名錄,詳如資料集內容,行政暨研考處
最近(102-106)房屋稅綜合統計表,花蓮縣最近5年(102-106)房屋稅綜合統計表,116006,花蓮縣最近5年房屋稅綜合統計表,項目/年度別;戶數合計;戶數應稅;戶數免稅;面積應稅;面積免稅;現值應稅;現值免稅;稅額合計;稅額本稅,花蓮縣政府
最近土地增值稅稅源,花蓮縣最近5年土地增值稅稅源(103年至107年),110584,花蓮縣最近5年土地增值稅稅源(103年至107年),詳如資料集內容,花蓮縣政府
最近土地增值稅稅源統計表,花蓮縣最近5年土地增值稅稅源統計表,114859,花蓮縣最近5年土地增值稅稅源統計表,年度別;稅種;筆數;面積 ;移轉現值總額;按物價指數調整後原地價總額;改良土地費用;土地漲價總數額;查定稅額;抵繳增繳地價稅;重劃減徵;徵收減徵;其他減徵;長期持有減徵;應納稅額,花蓮縣政府
最近契稅綜合統計表,花蓮縣最近5年契稅綜合統計表,110605,花蓮縣最近5年契稅綜合統計表,詳如資料集內容,花蓮縣政府
最近房屋稅綜合統計表,花蓮縣最近5年房屋稅綜合統計表,110545,花蓮縣最近5年房屋稅綜合統計表,詳如資料集內容,花蓮縣政府
最近房屋稅綜合統計表,花蓮縣最近5年房屋稅綜合統計表(103年-107年),110555,花蓮縣最近5年房屋稅綜合統計表(103年-107年),詳如資料集內容,花蓮縣政府
有機農戶及種植面積,107年花蓮縣有機農戶及種植面積,110717,107年花蓮縣有機農戶及種植面積,詳如資料集內容,農業處
未婚懷孕婦女安置(服務據點),未婚懷孕婦女安置(服務據點),111436,未婚懷孕婦女安置(服務據點),詳如資料集內容,社會處
未徵數情形P2,107年未徵數情形P2-1,110474,107年未徵數情形P2-1,詳如資料集內容,花蓮縣政府
未徵數情形P2,107年未徵數情形(續)P2-2,110475,107年未徵數情形(續)P2-2,詳如資料集內容,花蓮縣政府
未徵數情形P2,108年未徵數情形P2-1,120841,＊統計範圍及對象：以轄區內本年度及以前年度查核定開徵表列各稅之本稅及罰鍰案件為統計基準範圍及對象。及對象。 ＊統計標準時間：以會計年度(即本年1月1日至當年12月底)之事實為準。,本表各欄位關係 : ;=;+;。,花蓮縣政府
未徵數情形P2,108年未徵數情形(續)P2-2,120842,＊統計範圍及對象：以轄區內本年度及以前年度查核定開徵表列各稅之本稅及罰鍰案件為統計基準範圍及對象。及對象。 ＊統計標準時間：以會計年度(即本年1月1日至當年12月底)之事實為準。,本表各欄位關係 : ;=;+;。,花蓮縣政府
未成年懷孕處遇服務(服務據點),未成年懷孕處遇服務(服務據點),111437,未成年懷孕處遇服務(服務據點),詳如資料集內容,社會處
村里辦公室,村里辦公室,110791,村里辦公室,詳如資料集內容,社會處
東大門國際觀光夜市通過食品衛生優良評鑑名單,花蓮縣東大門國際觀光夜市通過食品衛生優良評鑑名單,110614,花蓮縣東大門國際觀光夜市通過食品衛生優良評鑑名單,詳如資料集內容,花蓮縣衛生局
查(核)定開徵數情形,107年查(核)定開徵數情形,110473,107年查(核)定開徵數情形,詳如資料集內容,花蓮縣政府
模範公務人員,花蓮縣政府107年度模範公務人員,110430,花蓮縣政府107年度模範公務人員,詳如資料集內容,人事處
歷年人口統計表(最新),花蓮縣歷年人口統計表(最新),110586,花蓮縣歷年人口統計表(最新),詳如資料集內容,民政處
歷次停班停課訊息一覽表,花蓮縣歷次停班停課訊息一覽表,110429,花蓮縣歷次停班停課訊息一覽表,詳如資料集內容,人事處
母乳哺育支持團體,花蓮縣母乳哺育支持團體,110673,花蓮縣母乳哺育支持團體,詳如資料集內容,花蓮縣衛生局
母嬰親善醫療院所認證名單,花蓮縣母嬰親善醫療院所認證名單,110674,花蓮縣母嬰親善醫療院所認證名單,詳如資料集內容,花蓮縣衛生局
毒防中心,毒防中心,110879,毒防中心,詳如資料集內容,社會處
法院交查兒童及少年監護權屬訪視調查(服務據點),法院交查兒童及少年監護權屬訪視調查(服務據點),111434,法院交查兒童及少年監護權屬訪視調查(服務據點),詳如資料集內容,社會處
流感疫苗合約院所,花蓮縣流感疫苗合約院所,110610,花蓮縣流感疫苗合約院所,詳如資料集內容,花蓮縣衛生局
流感疫苗合約院所名單,花蓮縣流感疫苗合約院所名單,110428,花蓮縣流感疫苗合約院所名單,詳如資料集內容,花蓮縣衛生局
流感疫苗醫療院所名單,花蓮縣流感疫苗醫療院所名單,110628,花蓮縣流感疫苗醫療院所名單,詳如資料集內容,花蓮縣衛生局
消防局各大隊、分隊地址及聯絡電話,花蓮縣消防局各大隊、分隊地址及聯絡電話,110595,花蓮縣消防局各大隊、分隊地址及聯絡電話,詳如資料集內容,花蓮縣政府
消防局較常執行溺水事件救援地點清冊,花蓮縣消防局較常執行溺水事件救援地點清冊,116004,花蓮縣消防局較常執行溺水事件救援地點清冊,編號;地點;鄰近分隊,花蓮縣政府
游泳池水質檢驗資料,花蓮縣游泳池水質檢驗資料,110654,花蓮縣游泳池水質檢驗資料,詳如資料集內容,花蓮縣衛生局
溫泉浴室水質檢驗資料,花蓮縣溫泉浴室水質檢驗資料,110659,花蓮縣溫泉浴室水質檢驗資料,詳如資料集內容,花蓮縣衛生局
滯納及違章罰鍰移送執行情形月報表,107年12月滯納及違章罰鍰移送執行情形月報表(以前年度),110476,107年12月滯納及違章罰鍰移送執行情形月報表(以前年度),詳如資料集內容,花蓮縣政府
滯納及違章罰鍰移送執行情形月報表,107年12月滯納及違章罰鍰移送執行情形月報表(本年度),110477,107年12月滯納及違章罰鍰移送執行情形月報表(本年度),詳如資料集內容,花蓮縣政府
滯納及違章罰鍰移送執行情形月報表,108年1月滯納及違章罰鍰移送執行情形月報表(以前年度),110482,108年1月滯納及違章罰鍰移送執行情形月報表(以前年度),詳如資料集內容,花蓮縣政府
滯納及違章罰鍰移送執行情形月報表,108年1月滯納及違章罰鍰移送執行情形月報表(本年度),110483,108年1月滯納及違章罰鍰移送執行情形月報表(本年度),詳如資料集內容,花蓮縣政府
滯納及違章罰鍰移送執行情形月報表,108年2月滯納及違章罰鍰移送執行情形月報表(以前年度),110484,108年2月滯納及違章罰鍰移送執行情形月報表(以前年度),詳如資料集內容,花蓮縣政府
滯納及違章罰鍰移送執行情形月報表,108年2月滯納及違章罰鍰移送執行情形月報表(本年度),110485,108年2月滯納及違章罰鍰移送執行情形月報表(本年度),詳如資料集內容,花蓮縣政府
滯納及違章罰鍰移送執行情形月報表,108年3月滯納及違章罰鍰移送執行情形月報表(以前年度),110486,108年3月滯納及違章罰鍰移送執行情形月報表(以前年度),詳如資料集內容,花蓮縣政府
滯納及違章罰鍰移送執行情形月報表,108年3月滯納及違章罰鍰移送執行情形月報表(本年度),110487,108年3月滯納及違章罰鍰移送執行情形月報表(本年度),詳如資料集內容,花蓮縣政府
滯納及違章罰鍰移送執行情形月報表,108年4月滯納及違章罰鍰移送執行情形月報表(以前年度),110488,108年4月滯納及違章罰鍰移送執行情形月報表(以前年度),詳如資料集內容,花蓮縣政府
滯納及違章罰鍰移送執行情形月報表,108年4月滯納及違章罰鍰移送執行情形月報表(本年度),110489,108年4月滯納及違章罰鍰移送執行情形月報表(本年度),詳如資料集內容,花蓮縣政府
滯納及違章罰鍰移送執行情形月報表,108年5月滯納及違章罰鍰移送執行情形月報表(以前年度),110490,108年5月滯納及違章罰鍰移送執行情形月報表(以前年度),詳如資料集內容,花蓮縣政府
滯納及違章罰鍰移送執行情形月報表,108年5月滯納及違章罰鍰移送執行情形月報表(本年度),110491,108年5月滯納及違章罰鍰移送執行情形月報表(本年度),詳如資料集內容,花蓮縣政府
滯納及違章罰鍰移送執行情形月報表,108年6月滯納及違章罰鍰移送執行情形月報表(以前年度),110492,108年6月滯納及違章罰鍰移送執行情形月報表(以前年度),詳如資料集內容,花蓮縣政府
滯納及違章罰鍰移送執行情形月報表,108年6月滯納及違章罰鍰移送執行情形月報表(本年度),110493,108年6月滯納及違章罰鍰移送執行情形月報表(本年度),詳如資料集內容,花蓮縣政府
滯納及違章罰鍰移送執行情形月報表,108年7月滯納及違章罰鍰移送執行情形月報表(以前年度),110497,108年7月滯納及違章罰鍰移送執行情形月報表(以前年度),詳如資料集內容,花蓮縣政府
滯納及違章罰鍰移送執行情形月報表,108年7月滯納及違章罰鍰移送執行情形月報表(本年度),110498,108年7月滯納及違章罰鍰移送執行情形月報表(本年度),詳如資料集內容,花蓮縣政府
滯納及違章罰鍰移送執行情形月報表,108年8月滯納及違章罰鍰移送執行情形月報表(以前年度),110499,108年8月滯納及違章罰鍰移送執行情形月報表(以前年度),詳如資料集內容,花蓮縣政府
滯納及違章罰鍰移送執行情形月報表,108年8月滯納及違章罰鍰移送執行情形月報表(本年度),110500,108年8月滯納及違章罰鍰移送執行情形月報表(本年度),詳如資料集內容,花蓮縣政府
滯納及違章罰鍰移送執行情形月報表,108年9月滯納及違章罰鍰移送執行情形月報表(以前年度),110501,108年9月滯納及違章罰鍰移送執行情形月報表(以前年度),詳如資料集內容,花蓮縣政府
滯納及違章罰鍰移送執行情形月報表,108年9月滯納及違章罰鍰移送執行情形月報表(本年度),110502,108年9月滯納及違章罰鍰移送執行情形月報表(本年度),詳如資料集內容,花蓮縣政府
滯納及違章罰鍰移送執行情形月報表,108年10月滯納及違章罰鍰移送執行情形月報表(以前年度),111204,108年10月滯納及違章罰鍰移送執行情形月報表(以前年度),詳如資料集內容,花蓮縣政府
滯納及違章罰鍰移送執行情形月報表,108年10月滯納及違章罰鍰移送執行情形月報表(本年度),111205,108年10月滯納及違章罰鍰移送執行情形月報表(本年度),詳如資料集內容,花蓮縣政府
滯納及違章罰鍰移送執行情形月報表,108年11月滯納及違章罰鍰移送執行情形月報表(以前年度),114872,＊統計地區範圍及對象：凡逾滯納期未經徵起之欠稅費，經移送強制執行者均屬之。 ＊統計標準時間：本月資料以每月1日至月底，累計資料以每一會計年度起始日至當月底之事實為準。,一.I：本月數，S：累計數。累計數為每月本月數累計相加。二.罰鍰係指本稅以外之短估金，滯;報金，滯納金及加計利息等之合計數。 三.1+2+4=5，6+7+8+9+10=11，A+B+C+D+E=F，5-11=G，3=全年各月份2之累計，F=全年各月份11之累計。,花蓮縣政府
滯納及違章罰鍰移送執行情形月報表,108年11月滯納及違章罰鍰移送執行情形月報表(本年度),114873,＊統計地區範圍及對象：凡逾滯納期未經徵起之欠稅費，經移送強制執行者均屬之。 ＊統計標準時間：本月資料以每月1日至月底，累計資料以每一會計年度起始日至當月底之事實為準。,一.I：本月數，S：累計數。累計數為每月本月數累計相加。二.罰鍰係指本稅以外之短估金，滯;報金，滯納金及加計利息等之合計數。 三.1+2+4=5，6+7+8+9+10=11，A+B+C+D+E=F，5-11=G，3=全年各月份2之累計，F=全年各月份11之累計。,花蓮縣政府
滯納及違章罰鍰移送執行情形月報表,108年12月滯納及違章罰鍰移送執行情形月報表(以前年度),120838,＊統計地區範圍及對象：凡逾滯納期未經徵起之欠稅費，經移送強制執行者均屬之。 ＊統計標準時間：本月資料以每月1日至月底，累計資料以每一會計年度起始日至當月底之事實為準。,資源主要欄位說明 一.I：本月數，S：累計數。累計數為每月本月數累計相加。二.罰鍰係指本稅以外之短估金，滯;報金，滯納金及加計利息等之合計數。 三.1+2+4=5，6+7+8+9+10=11，A+B+C+D+E=F，5-11=G，3=全年各月份2之累計，F=全年各月份11之累計。,花蓮縣政府
滯納及違章罰鍰移送執行情形月報表,108年12月滯納及違章罰鍰移送執行情形月報表(本年度),120839,＊統計地區範圍及對象：凡逾滯納期未經徵起之欠稅費，經移送強制執行者均屬之。 ＊統計標準時間：本月資料以每月1日至月底，累計資料以每一會計年度起始日至當月底之事實為準。,資源主要欄位說明 一.I：本月數，S：累計數。累計數為每月本月數累計相加。二.罰鍰係指本稅以外之短估金，滯;報金，滯納金及加計利息等之合計數。 三.1+2+4=5，6+7+8+9+10=11，A+B+C+D+E=F，5-11=G，3=全年各月份2之累計，F=全年各月份11之累計。,花蓮縣政府
滯納及違章罰鍰移送執行情形月報表,109年01月滯納及違章罰鍰移送執行情形月報表(以前年度),120848,＊統計地區範圍及對象：凡逾滯納期未經徵起之欠稅費，經移送強制執行者均屬之。 ＊統計標準時間：本月資料以每月1日至月底，累計資料以每一會計年度起始日至當月底之事實為準。,一.I：本月數，S：累計數。累計數為每月本月數累計相加。二.罰鍰係指本稅以外之短估金，滯;報金，滯納金及加計利息等之合計數。 三.1+2+4=5，6+7+8+9+10=11，A+B+C+D+E=F，5-11=G，3=全年各月份2之累計，F=全年各月份11之累計。,花蓮縣政府
滯納及違章罰鍰移送執行情形月報表,109年01月滯納及違章罰鍰移送執行情形月報表(本年度),120849,＊統計地區範圍及對象：凡逾滯納期未經徵起之欠稅費，經移送強制執行者均屬之。 ＊統計標準時間：本月資料以每月1日至月底，累計資料以每一會計年度起始日至當月底之事實為準。,一.I：本月數，S：累計數。累計數為每月本月數累計相加。二.罰鍰係指本稅以外之短估金，滯;報金，滯納金及加計利息等之合計數。 三.1+2+4=5，6+7+8+9+10=11，A+B+C+D+E=F，5-11=G，3=全年各月份2之累計，F=全年各月份11之累計。,花蓮縣政府
滯納及違章罰鍰移送執行情形月報表,109年02月滯納及違章罰鍰移送執行情形月報表(以前年度),120855,＊統計地區範圍及對象：凡逾滯納期未經徵起之欠稅費，經移送強制執行者均屬之。 ＊統計標準時間：本月資料以每月1日至月底，累計資料以每一會計年度起始日至當月底之事實為準。,更新,花蓮縣政府
滯納及違章罰鍰移送執行情形月報表,109年02月滯納及違章罰鍰移送執行情形月報表(本年度),120856,＊統計地區範圍及對象：凡逾滯納期未經徵起之欠稅費，經移送強制執行者均屬之。 ＊統計標準時間：本月資料以每月1日至月底，累計資料以每一會計年度起始日至當月底之事實為準。,更新,花蓮縣政府
滯納及違章罰鍰移送執行情形月報表,109年03月滯納及違章罰鍰移送執行情形月報表(以前年度),120861,＊統計地區範圍及對象：凡逾滯納期未經徵起之欠稅費，經移送強制執行者均屬之。 ＊統計標準時間：本月資料以每月1日至月底，累計資料以每一會計年度起始日至當月底之事實為準。,一.I：本月數，S：累計數。累計數為每月本月數累計相加。二.罰鍰係指本稅以外之短估金，滯;報金，滯納金及加計利息等之合計數。 三.1+2+4=5，6+7+8+9+10=11，A+B+C+D+E=F，5-11=G，3=全年各月份2之累計，F=全年各月份11之累計。,花蓮縣政府
滯納及違章罰鍰移送執行情形月報表,109年03月滯納及違章罰鍰移送執行情形月報表(本年度),120862,＊統計地區範圍及對象：凡逾滯納期未經徵起之欠稅費，經移送強制執行者均屬之。 ＊統計標準時間：本月資料以每月1日至月底，累計資料以每一會計年度起始日至當月底之事實為準。,一.I：本月數，S：累計數。累計數為每月本月數累計相加。二.罰鍰係指本稅以外之短估金，滯;報金，滯納金及加計利息等之合計數。 三.1+2+4=5，6+7+8+9+10=11，A+B+C+D+E=F，5-11=G，3=全年各月份2之累計，F=全年各月份11之累計。,花蓮縣政府
潛伏結核感染與檢查指定醫院暨合作醫師門診時間,花蓮縣潛伏結核感染與檢查指定醫院暨合作醫師門診時間,110664,花蓮縣潛伏結核感染與檢查指定醫院暨合作醫師門診時間,詳如資料集內容,花蓮縣衛生局
潛伏結核感染與治療指定醫院暨合作醫師門診時間,花蓮縣潛伏結核感染與治療指定醫院暨合作醫師門診時間,110663,花蓮縣潛伏結核感染與治療指定醫院暨合作醫師門診時間,詳如資料集內容,花蓮縣衛生局
災害應變中心,災害應變中心,110827,災害應變中心,詳如資料集內容,社會處
災害救助收容場所(最新),花蓮縣災害救助收容場所(最新),110588,花蓮縣災害救助收容場所(最新),詳如資料集內容,社會處
無菸公告場域,花蓮縣無菸公告場域,110686,花蓮縣無菸公告場域,詳如資料集內容,花蓮縣衛生局
無障礙廁所,無障礙廁所,110769,無障礙廁所,詳如資料集內容,社會處
牙科醫事機構,花蓮縣牙科醫事機構,110671,花蓮縣牙科醫事機構,詳如資料集內容,花蓮縣衛生局
特殊教育學校/服務提供單位,特殊教育學校/服務提供單位,111421,特殊教育學校/服務提供單位,詳如資料集內容,社會處
珍貴老樹列表,107年珍貴老樹列表,110707,107年珍貴老樹列表,詳如資料集內容,農業處
環保旅店名單,花蓮縣環保旅店名單*,110624,花蓮縣環保旅店名單*,詳如資料集內容,花蓮縣政府
產後護理機構名冊,花蓮縣產後護理機構名冊,110651,花蓮縣產後護理機構名冊,詳如資料集內容,花蓮縣衛生局
產後護理機構評鑑成績總覽,花蓮縣產後護理機構評鑑成績總覽,110652,花蓮縣產後護理機構評鑑成績總覽,詳如資料集內容,花蓮縣衛生局
發展遲緩兒童評估鑑定醫院,花蓮縣發展遲緩兒童評估鑑定醫院,110689,花蓮縣發展遲緩兒童評估鑑定醫院,詳如資料集內容,花蓮縣衛生局
眼科醫事機構,花蓮縣眼科醫事機構,110685,花蓮縣眼科醫事機構,詳如資料集內容,花蓮縣衛生局
礦石開採特別稅徵績表,花蓮縣礦石開採特別稅108年度1月份徵績表,129664,花蓮縣礦石開採特別稅108年度1月份徵績表,花蓮縣礦石開採特別稅108年度1月份徵績表,花蓮縣政府
礦石開採特別稅徵績表,花蓮縣礦石開採特別稅108年度2月份徵績表,129665,花蓮縣礦石開採特別稅108年度2月份徵績表,花蓮縣礦石開採特別稅108年度2月份徵績表,花蓮縣政府
礦石開採特別稅徵績表,花蓮縣礦石開採特別稅108年度3月份徵績表,129666,花蓮縣礦石開採特別稅108年度3月份徵績表,花蓮縣礦石開採特別稅108年度3月份徵績表,花蓮縣政府
礦石開採特別稅徵績表,花蓮縣礦石開採特別稅108年度4月份徵績表,129667,花蓮縣礦石開採特別稅108年度4月份徵績表,花蓮縣礦石開採特別稅108年度4月份徵績表,花蓮縣政府
礦石開採特別稅徵績表,花蓮縣礦石開採特別稅108年度5月份徵績表,129668,花蓮縣礦石開採特別稅108年度5月份徵績表,花蓮縣礦石開採特別稅108年度5月份徵績表,花蓮縣政府
礦石開採特別稅徵績表,花蓮縣礦石開採特別稅108年度6月份徵績表,129669,花蓮縣礦石開採特別稅108年度6月份徵績表,花蓮縣礦石開採特別稅108年度6月份徵績表,花蓮縣政府
礦石開採特別稅徵績表,花蓮縣礦石開採特別稅108年度7月份徵績表,129670,花蓮縣礦石開採特別稅108年度7月份徵績表,花蓮縣礦石開採特別稅108年度7月份徵績表,花蓮縣政府
礦石開採特別稅徵績表,花蓮縣礦石開採特別稅108年度8月份徵績表,129671,花蓮縣礦石開採特別稅108年度8月份徵績表,花蓮縣礦石開採特別稅108年度8月份徵績表,花蓮縣政府
礦石開採特別稅徵績表,花蓮縣礦石開採特別稅108年度9月份徵績表,129672,花蓮縣礦石開採特別稅108年度9月份徵績表,花蓮縣礦石開採特別稅108年度9月份徵績表,花蓮縣政府
礦石開採特別稅徵績表,花蓮縣礦石開採特別稅108年度10月份徵績表,129673,花蓮縣礦石開採特別稅108年度10月份徵績表,花蓮縣礦石開採特別稅108年度10月份徵績表,花蓮縣政府
礦石開採特別稅徵績表,花蓮縣礦石開採特別稅108年度11月份徵績表,129674,花蓮縣礦石開採特別稅108年度11月份徵績表,花蓮縣礦石開採特別稅108年度11月份徵績表,花蓮縣政府
礦石開採特別稅徵績表,花蓮縣礦石開採特別稅108年度12月份徵績表,129675,花蓮縣礦石開採特別稅108年度12月份徵績表,花蓮縣礦石開採特別稅108年度12月份徵績表,花蓮縣政府
礦石開採特別稅徵績表,花蓮縣礦石開採特別稅109年度1月份徵績表,129676,花蓮縣礦石開採特別稅109年度1月份徵績表,花蓮縣礦石開採特別稅109年度1月份徵績表,花蓮縣政府
礦石開採特別稅徵績表,花蓮縣礦石開採特別稅109年度2月份徵績表,129677,花蓮縣礦石開採特別稅109年度2月份徵績表,花蓮縣礦石開採特別稅109年度2月份徵績表,花蓮縣政府
礦石開採特別稅徵績表,花蓮縣礦石開採特別稅109年度3月份徵績表,129678,花蓮縣礦石開採特別稅109年度3月份徵績表,花蓮縣礦石開採特別稅109年度3月份徵績表,花蓮縣政府
礦石開採特別稅徵績表,花蓮縣礦石開採特別稅109年度4月份徵績表,129679,花蓮縣礦石開採特別稅109年度4月份徵績表,花蓮縣礦石開採特別稅109年度4月份徵績表,花蓮縣政府
礦石開採特別稅徵績表,花蓮縣礦石開採特別稅109年度5月份徵績表,129680,花蓮縣礦石開採特別稅109年度5月份徵績表,花蓮縣礦石開採特別稅109年度5月份徵績表,花蓮縣政府
礦石開採特別稅徵績表,花蓮縣礦石開採特別稅109年度6月份徵績表,129681,花蓮縣礦石開採特別稅109年度6月份徵績表,花蓮縣礦石開採特別稅109年度6月份徵績表,花蓮縣政府
社區互助教保服務中心/部落互助教保服務中心,社區互助教保服務中心/部落互助教保服務中心,111426,社區互助教保服務中心/部落互助教保服務中心,詳如資料集內容,社會處
社區活動中心,社區活動中心,110752,社區活動中心,詳如資料集內容,社會處
社區照顧關懷據點,社區照顧關懷據點,110747,社區照顧關懷據點,詳如資料集內容,社會處
社區發展協會,社區發展協會,110803,社區發展協會,詳如資料集內容,社會處
社區藥局諮詢小站名單,花蓮縣社區藥局諮詢小站名單,110683,花蓮縣社區藥局諮詢小站名單,詳如資料集內容,花蓮縣衛生局
祥和志工隊,祥和志工隊,110854,祥和志工隊,詳如資料集內容,社會處
福氣站,福氣站,110875,福氣站,詳如資料集內容,社會處
精神復健機構清冊,花蓮縣精神復健機構清冊,110660,花蓮縣精神復健機構清冊,詳如資料集內容,花蓮縣衛生局
精神護理機構名冊,花蓮縣精神護理機構名冊,110661,花蓮縣精神護理機構名冊,詳如資料集內容,花蓮縣衛生局
精神護理機構評鑑成績總覽,花蓮縣精神護理機構評鑑成績總覽,110662,花蓮縣精神護理機構評鑑成績總覽,詳如資料集內容,花蓮縣衛生局
糖尿病共同照護網之醫療院所名單,花蓮縣糖尿病共同照護網之醫療院所名單,110609,花蓮縣糖尿病共同照護網之醫療院所名單,詳如資料集內容,花蓮縣衛生局
糖尿病共照網醫事機構,花蓮縣糖尿病共照網醫事機構,110695,花蓮縣糖尿病共照網醫事機構,詳如資料集內容,花蓮縣衛生局
糖尿病友支持團體,花蓮縣糖尿病友支持團體,110694,花蓮縣糖尿病友支持團體,詳如資料集內容,花蓮縣衛生局
結核病個案發生監測統計,花蓮縣結核病個案發生監測統計,110655,花蓮縣結核病個案發生監測統計,詳如資料集內容,花蓮縣衛生局
結核病死亡統計,花蓮縣結核病死亡統計,110644,花蓮縣結核病死亡統計,詳如資料集內容,花蓮縣衛生局
結核病治療成功率統計,花蓮縣結核病治療成功率統計,110648,花蓮縣結核病治療成功率統計,詳如資料集內容,花蓮縣衛生局
縣民服務升級申辦項目資訊,花蓮縣政府縣民服務升級申辦項目資訊,110426,花蓮縣政府縣民服務升級申辦項目資訊,詳如資料集內容,民政處
總決算收支簡明比較分析表,花蓮縣總決算收支簡明比較分析表,110418,花蓮縣總決算收支簡明比較分析表,詳如資料集內容,主計處
總決算歲入歲出性質及餘絀簡明分析表,花蓮縣總決算歲入歲出性質及餘絀簡明分析表,110417,花蓮縣總決算歲入歲出性質及餘絀簡明分析表,詳如資料集內容,主計處
總決算歲入歲出簡明比較分析表,花蓮縣總決算歲入歲出簡明比較分析表,110416,花蓮縣總決算歲入歲出簡明比較分析表,詳如資料集內容,主計處
總預算收支簡明比較分析表,花蓮縣總預算收支簡明比較分析表,110407,花蓮縣總預算收支簡明比較分析表,詳如資料集內容,主計處
總預算歲入歲出性質及餘絀簡明分析表,花蓮縣總預算歲入歲出性質及餘絀簡明分析表,110406,花蓮縣總預算歲入歲出性質及餘絀簡明分析表,詳如資料集內容,主計處
總預算歲入歲出簡明比較分析表,花蓮縣總預算歲入歲出簡明比較分析表,110405,花蓮縣總預算歲入歲出簡明比較分析表,詳如資料集內容,主計處
總預算歲入來源別預算比較總表,花蓮縣總預算歲入來源別預算比較總表,110408,花蓮縣總預算歲入來源別預算比較總表,詳如資料集內容,主計處
總預算歲入來源別預算總表,花蓮縣總預算歲入來源別預算總表,110709,花蓮縣總預算歲入來源別預算總表,詳如資料集內容,主計處
總預算歲出預算比較總表,花蓮縣總預算歲出政事別預算比較總表,110410,花蓮縣總預算歲出政事別預算比較總表,詳如資料集內容,主計處
總預算歲出預算比較總表,花蓮縣總預算歲出機關別預算比較總表,110716,花蓮縣總預算歲出機關別預算比較總表,詳如資料集內容,主計處
總預算歲出預算總表,花蓮縣總預算歲出政事別預算總表,110409,花蓮縣總預算歲出政事別預算總表,詳如資料集內容,主計處
總預算歲出預算總表,花蓮縣總預算歲出機關別預算總表,110411,花蓮縣總預算歲出機關別預算總表,詳如資料集內容,主計處
老人保護預防性服務-獨居及中高風險老人個案關懷(服務據點),老人保護預防性服務-獨居及中高風險老人個案關懷(服務據點),111431,老人保護預防性服務-獨居及中高風險老人個案關懷(服務據點),詳如資料集內容,社會處
老人文康/福利服務中心,老人文康/福利服務中心,111415,老人文康/福利服務中心,詳如資料集內容,社會處
老人福利機構,老人福利機構,110742,老人福利機構,詳如資料集內容,社會處
職訓中心,職訓中心,110867,職訓中心,詳如資料集內容,社會處
臨時暨短期照顧服務提供單位,臨時暨短期照顧服務提供單位,110809,臨時暨短期照顧服務提供單位,詳如資料集內容,社會處
自由職業團體,自由職業團體,110862,自由職業團體,詳如資料集內容,社會處
航空噪音防制區,花蓮縣航空噪音防制區*,110625,花蓮縣航空噪音防制區*,詳如資料集內容,花蓮縣政府
花蓮友善寵物旅遊,花蓮友善寵物旅遊,129740,花蓮友善寵物旅遊,花蓮友善寵物旅遊,花蓮縣政府
花蓮哺集乳室名單,105年花蓮哺集乳室名單,28403,105年花蓮哺集乳室名單,地址電話開放時間,花蓮縣衛生局
花蓮地政事務所不動產買賣案統計表,花蓮縣花蓮地政事務所不動產買賣案統計表,110619,花蓮縣花蓮地政事務所不動產買賣案統計表,詳如資料集內容,花蓮縣政府
花蓮地政事務所各鄉市買賣案統計表,花蓮縣花蓮地政事務所各鄉市買賣案統計表,110620,花蓮縣花蓮地政事務所各鄉市買賣案統計表,詳如資料集內容,花蓮縣政府
花蓮地政事務所土地公告現值及公告地價,花蓮縣花蓮地政事務所土地公告現值及公告地價,110627,花蓮縣花蓮地政事務所土地公告現值及公告地價,詳如資料集內容,花蓮縣政府
花蓮地政事務所轄區地段圖,花蓮縣花蓮地政事務所轄區地段圖,110618,花蓮縣花蓮地政事務所轄區地段圖,詳如資料集內容,花蓮縣政府
花蓮外國老闆特色店鋪,花蓮外國老闆特色店鋪,129741,花蓮外國老闆特色店鋪,花蓮外國老闆特色店鋪,花蓮縣政府
花蓮家族旅遊,花蓮家族旅遊,130135,花蓮家族旅遊,花蓮家族旅遊,花蓮縣政府
花蓮藥癮替代治療醫院,花蓮藥癮替代治療醫院,110668,花蓮藥癮替代治療醫院,詳如資料集內容,花蓮縣衛生局
花蓮縣公立殯葬設施資訊,花蓮縣公立殯葬設施資訊,110425,花蓮縣公立殯葬設施資訊,詳如資料集內容,民政處
血壓站資訊,花蓮縣血壓站資訊,110608,花蓮縣血壓站資訊,詳如資料集內容,花蓮縣衛生局
街頭藝人展演空間場地(含公共空間)相關規範彙整表,花蓮縣街頭藝人展演空間場地(含公共空間)相關規範彙整表,110615,花蓮縣街頭藝人展演空間場地(含公共空間)相關規範彙整表,詳如資料集內容,花蓮縣政府
衛生局健康管理中心-社區心理衛生免費專業心理諮詢服務,花蓮縣衛生局健康管理中心-社區心理衛生免費專業心理諮詢服務,110693,花蓮縣衛生局健康管理中心-社區心理衛生免費專業心理諮詢服務,詳如資料集內容,花蓮縣衛生局
衛生局檢驗科受理食品檢驗費用,花蓮縣衛生局檢驗科受理食品檢驗費用,110665,花蓮縣衛生局檢驗科受理食品檢驗費用,詳如資料集內容,花蓮縣衛生局
補助團體私人報表,補助團體私人報表,44237,公共資訊: 係指各種財政統計報表、政策新聞、資訊服務、法律等相關資料集,工作計畫名稱;補助事項或用途及補助對象,花蓮縣消防局
視覺障礙者生活重建服務單位,視覺障礙者生活重建服務單位,110801,視覺障礙者生活重建服務單位,詳如資料集內容,社會處
視障按摩點,視障按摩點,110790,視障按摩點,詳如資料集內容,社會處
診所分佈,花蓮縣診所分佈,110656,花蓮縣診所分佈,詳如資料集內容,花蓮縣衛生局
警察局單位執掌與聯繫表,花蓮縣警察局單位執掌與聯繫表,110597,花蓮縣警察局單位執掌與聯繫表,詳如資料集內容,花蓮縣政府
護理之家,護理之家,110786,護理之家,詳如資料集內容,社會處
身心障礙住宿機構,身心障礙住宿機構,110737,身心障礙住宿機構,詳如資料集內容,社會處
身心障礙團體,身心障礙團體,110823,身心障礙團體,詳如資料集內容,社會處
身心障礙庇護工場,身心障礙庇護工場,110819,身心障礙庇護工場,詳如資料集內容,社會處
身心障礙托育養護服務提供單位,身心障礙托育養護服務提供單位,110757,身心障礙托育養護服務提供單位,詳如資料集內容,社會處
身心障礙日間服務機構,身心障礙日間服務機構,110739,身心障礙日間服務機構,詳如資料集內容,社會處
身心障礙福利服務中心,身心障礙福利服務中心,110738,身心障礙福利服務中心,詳如資料集內容,社會處
身心障礙者牙醫醫療院所,身心障礙者牙醫醫療院所,111069,身心障礙者牙醫醫療院所,詳如資料集內容,社會處
身心障礙者生涯轉銜服務提供單位,身心障礙者生涯轉銜服務提供單位,110816,身心障礙者生涯轉銜服務提供單位,詳如資料集內容,社會處
身心障礙者社區日間作業設施,身心障礙者社區日間作業設施,110808,身心障礙者社區日間作業設施,詳如資料集內容,社會處
身心障礙者社區樂活補給站,身心障礙者社區樂活補給站,111449,身心障礙者社區樂活補給站,詳如資料集內容,社會處
身心障礙鑑定醫院,身心障礙鑑定醫院,110771,身心障礙鑑定醫院,詳如資料集內容,社會處
身心障礙餐飲服務提供單位,身心障礙餐飲服務提供單位,110754,身心障礙餐飲服務提供單位,詳如資料集內容,社會處
較常發生溺水案件水域一覽表,花蓮縣較常發生溺水案件水域一覽表,41602,公共資訊: 係指各種財政統計報表、政策新聞、資訊服務、法律等相關資料集,編號地點鄰近分隊1立霧溪新秀分隊2三棧溪北埔分隊3七星潭美崙分隊4美崙溪花蓮分隊5花蓮溪出海口仁里分隊6國姓廟出海口仁里分隊7水源地自強分隊8木瓜溪壽豐分隊9豐濱海域豐濱分隊10磯崎海域豐濱分隊11芭崎海域豐濱分隊12鹽寮海域豐濱分隊13石梯坪豐濱分隊14萬里溪萬榮分隊15鯉魚潭壽豐分隊16崇德海域新秀分隊17慕谷慕魚壽豐分隊,花蓮縣消防局
輔具服務單位,輔具服務單位,110744,輔具服務單位,詳如資料集內容,社會處
辦理「縣長親民時間」日期一覽表,花蓮縣政府辦理「縣長親民時間」日期一覽表,110593,花蓮縣政府辦理「縣長親民時間」日期一覽表,詳如資料集內容,行政暨研考處
辦理中低收入老人裝置假牙補助之健保特約醫事機構簽約名單,花蓮縣109年度辦理中低收入老人裝置假牙補助之健保特約醫事機構簽約名單,130136,花蓮縣109年度辦理中低收入老人裝置假牙補助之健保特約醫事機構簽約名單,花蓮縣109年度辦理中低收入老人裝置假牙補助之健保特約醫事機構簽約名單,花蓮縣政府
通過食品衛生優良評鑑名單(GHP),花蓮縣通過食品衛生優良評鑑名單(GHP),110613,花蓮縣通過食品衛生優良評鑑名單(GHP),詳如資料集內容,花蓮縣衛生局
遊民收容所,遊民收容所,110840,遊民收容所,詳如資料集內容,社會處
違章漏稅案件處理及財務罰鍰執行情形,違章漏稅案件處理及財務罰鍰執行情形上半年報2-1,110478,違章漏稅案件處理及財務罰鍰執行情形上半年報2-1,詳如資料集內容,花蓮縣政府
違章漏稅案件處理及財務罰鍰執行情形,違章漏稅案件處理及財務罰鍰執行情形上半年報2-2,110479,違章漏稅案件處理及財務罰鍰執行情形上半年報2-2,詳如資料集內容,花蓮縣政府
違章漏稅案件處理及財務罰鍰執行情形,違章漏稅案件處理及財務罰鍰執行情形下半年報2-1,110480,違章漏稅案件處理及財務罰鍰執行情形下半年報2-1,詳如資料集內容,花蓮縣政府
違章漏稅案件處理及財務罰鍰執行情形,違章漏稅案件處理及財務罰鍰執行情形下半年報2-2,110481,違章漏稅案件處理及財務罰鍰執行情形下半年報2-2,詳如資料集內容,花蓮縣政府
違章漏稅案件處理及財務罰鍰執行情形,108年違章漏稅案件處理及財務罰鍰執行情形上半年報3-1,110494,108年違章漏稅案件處理及財務罰鍰執行情形上半年報3-1,詳如資料集內容,花蓮縣政府
違章漏稅案件處理及財務罰鍰執行情形,108年違章漏稅案件處理及財務罰鍰執行情形上半年報3-2,110495,108年違章漏稅案件處理及財務罰鍰執行情形上半年報3-2,詳如資料集內容,花蓮縣政府
違章漏稅案件處理及財務罰鍰執行情形,108年違章漏稅案件處理及財務罰鍰執行情形上半年報3-3,110496,108年違章漏稅案件處理及財務罰鍰執行情形上半年報3-3,詳如資料集內容,花蓮縣政府
避難收容所位置及收容人數,避難收容所位置及收容人數,110749,避難收容所位置及收容人數,詳如資料集內容,社會處
鄉鎮別結核病新案發生率,花蓮縣鄉鎮別結核病新案發生率,110657,花蓮縣鄉鎮別結核病新案發生率,詳如資料集內容,花蓮縣衛生局
鄉鎮市區公所,鄉鎮市區公所,110794,鄉鎮市區公所,詳如資料集內容,社會處
酒癮治療服務醫院連絡窗口一覽,酒癮治療服務醫院連絡窗口一覽,110669,酒癮治療服務醫院連絡窗口一覽,詳如資料集內容,花蓮縣衛生局
酒製造業者資料,花蓮縣酒製造業者資料,110601,花蓮縣酒製造業者資料,詳如資料集內容,財政處
醫事人員各鄉鎮分布人數,花蓮縣醫事人員各鄉鎮分布人數,110670,花蓮縣醫事人員各鄉鎮分布人數,詳如資料集內容,花蓮縣衛生局
醫療器材販賣商名冊,花蓮縣醫療器材販賣商名冊,110696,花蓮縣醫療器材販賣商名冊,詳如資料集內容,花蓮縣衛生局
醫院緊急醫療能力分級評定結果及合格效期,花蓮縣醫院緊急醫療能力分級評定結果及合格效期,110667,花蓮縣醫院緊急醫療能力分級評定結果及合格效期,詳如資料集內容,花蓮縣衛生局
醫院評鑑等級及效期一覽表,花蓮縣醫院評鑑等級及效期一覽表,110666,花蓮縣醫院評鑑等級及效期一覽表,詳如資料集內容,花蓮縣衛生局
長期照顧2.0服務特約單位名單,花蓮縣長期照顧2.0服務特約單位名單,110634,花蓮縣長期照顧2.0服務特約單位名單,詳如資料集內容,花蓮縣衛生局
長期照顧管理中心,長期照顧管理中心,110780,長期照顧管理中心,詳如資料集內容,社會處
長者肺炎鏈球菌疫苗接種合約院所,花蓮縣長者肺炎鏈球菌疫苗接種合約院所,110649,花蓮縣長者肺炎鏈球菌疫苗接種合約院所,詳如資料集內容,花蓮縣衛生局
附屬單位決算損益綜計表,花蓮縣附屬單位決算損益綜計表,110421,花蓮縣附屬單位決算損益綜計表,詳如資料集內容,主計處
附屬單位決算收支餘絀綜計表,花蓮縣附屬單位決算收支餘絀綜計表,110419,花蓮縣附屬單位決算收支餘絀綜計表,詳如資料集內容,主計處
附屬單位決算特別收入基金來源、用途及餘絀綜計表,花蓮縣附屬單位決算特別收入基金來源、用途及餘絀綜計表,110423,花蓮縣附屬單位決算特別收入基金來源、用途及餘絀綜計表,詳如資料集內容,主計處
附屬單位決算盈虧撥補綜計表,花蓮縣附屬單位決算盈虧撥補綜計表,110422,花蓮縣附屬單位決算盈虧撥補綜計表,詳如資料集內容,主計處
附屬單位決算餘絀撥補綜計表,花蓮縣附屬單位決算餘絀撥補綜計表,110420,花蓮縣附屬單位決算餘絀撥補綜計表,詳如資料集內容,主計處
附屬單位預算作業基金收支餘絀綜計表,花蓮縣附屬單位預算作業基金收支餘絀綜計表,110414,花蓮縣附屬單位預算作業基金收支餘絀綜計表,詳如資料集內容,主計處
附屬單位預算營業基金損益綜計表,花蓮縣附屬單位預算營業基金損益綜計表,110413,花蓮縣附屬單位預算營業基金損益綜計表,詳如資料集內容,主計處
附屬單位預算特別收入基金來源、用途及餘絀綜計表,花蓮縣附屬單位預算特別收入基金來源、用途及餘絀綜計表,110415,花蓮縣附屬單位預算特別收入基金來源、用途及餘絀綜計表,詳如資料集內容,主計處
雙語辭彙對照表,花蓮縣政府雙語辭彙對照表,110594,花蓮縣政府雙語辭彙對照表,詳如資料集內容,行政暨研考處
電梯設備工程費概算表,花蓮縣電梯設備工程費概算表,110554,花蓮縣電梯設備工程費概算表,詳如資料集內容,花蓮縣政府
預防及延緩失能據點,花蓮縣預防及延緩失能據點,110692,花蓮縣預防及延緩失能據點,詳如資料集內容,花蓮縣衛生局
餐飲服務提供單位,餐飲服務提供單位,110753,餐飲服務提供單位,詳如資料集內容,社會處
高關懷兒童及少年輔導服務(服務據點),高關懷兒童及少年輔導服務(服務據點),111433,高關懷兒童及少年輔導服務(服務據點),詳如資料集內容,社會處
高風險家庭關懷輔導處遇服務提供單位,高風險家庭關懷輔導處遇服務提供單位,110748,高風險家庭關懷輔導處遇服務提供單位,詳如資料集內容,社會處
高齡友善藥局,高齡友善藥局,110789,高齡友善藥局,詳如資料集內容,社會處
